Log file open, 09/01/26 12:36:09
LogWindows: Failed to load 'aqProf.dll' (GetLastError=126)
LogWindows: File 'aqProf.dll' does not exist
LogWindows: Failed to load 'VtuneApi.dll' (GetLastError=126)
LogWindows: File 'VtuneApi.dll' does not exist
LogWindows: Failed to load 'VtuneApi32e.dll' (GetLastError=126)
LogWindows: File 'VtuneApi32e.dll' does not exist
LogConsoleResponse: Display: Failed to find resolution value strings in scalability ini. Falling back to default.
LogConsoleResponse: Display: Failed to find resolution value strings in scalability ini. Falling back to default.
LogInit: Display: Running engine for game: Output1
LogPlatformFile: Not using cached read wrapper
LogTaskGraph: Started task graph with 5 named threads and 47 total threads with 3 sets of task threads.
LogStats: Stats thread started at 0.372840
LogICUInternationalization: ICU TimeZone Detection - Raw Offset: +8:00, Platform Override: ''
LogInit: Display: Loading text-based GConfig....
LogPluginManager: Mounting plugin MeshPainting
LogPluginManager: Mounting plugin XGEController
LogPluginManager: Mounting plugin AISupport
LogPluginManager: Mounting plugin Paper2D
LogPluginManager: Mounting plugin OodleData
LogPluginManager: Mounting plugin CameraShakePreviewer
LogPluginManager: Mounting plugin LightPropagationVolume
LogPluginManager: Mounting plugin EnvironmentQueryEditor
LogPluginManager: Mounting plugin GameplayCameras
LogPluginManager: Mounting plugin OodleNetwork
LogPluginManager: Mounting plugin LiveLink
LogPluginManager: Mounting plugin Niagara
LogPluginManager: Mounting plugin LuminPlatformFeatures
LogPluginManager: Mounting plugin DatasmithContent
LogPluginManager: Mounting plugin VariantManagerContent
LogPluginManager: Mounting plugin MagicLeap
LogPluginManager: Mounting plugin MagicLeapMedia
LogPluginManager: Mounting plugin MagicLeapLightEstimation
LogPluginManager: Mounting plugin MLSDK
LogPluginManager: Mounting plugin MagicLeapPassableWorld
LogPluginManager: Mounting plugin ActorSequence
LogPluginManager: Mounting plugin MatineeToLevelSequence
LogPluginManager: Mounting plugin LevelSequenceEditor
LogPluginManager: Mounting plugin AnimationSharing
LogPluginManager: Mounting plugin TemplateSequence
LogPluginManager: Mounting plugin TcpMessaging
LogPluginManager: Mounting plugin UdpMessaging
LogPluginManager: Mounting plugin CLionSourceCodeAccess
LogPluginManager: Mounting plugin AssetManagerEditor
LogPluginManager: Mounting plugin PropertyAccessNode
LogPluginManager: Mounting plugin CodeLiteSourceCodeAccess
LogPluginManager: Mounting plugin KDevelopSourceCodeAccess
LogPluginManager: Mounting plugin GitSourceControl
LogPluginManager: Mounting plugin PerforceSourceControl
LogPluginManager: Mounting plugin PlasticSourceControl
LogPluginManager: Mounting plugin NullSourceCodeAccess
LogPluginManager: Mounting plugin PixWinPlugin
LogPluginManager: Mounting plugin PluginUtils
LogPluginManager: Mounting plugin RiderSourceCodeAccess
LogPluginManager: Mounting plugin TextureFormatOodle
LogPluginManager: Mounting plugin SubversionSourceControl
LogPluginManager: Mounting plugin CurveEditorTools
LogPluginManager: Mounting plugin UObjectPlugin
LogPluginManager: Mounting plugin CryptoKeys
LogPluginManager: Mounting plugin DataValidation
LogPluginManager: Mounting plugin MacGraphicsSwitching
LogPluginManager: Mounting plugin FacialAnimation
LogPluginManager: Mounting plugin GameplayTagsEditor
LogPluginManager: Mounting plugin GeometryMode
LogPluginManager: Mounting plugin MobileLauncherProfileWizard
LogPluginManager: Mounting plugin MaterialAnalyzer
LogPluginManager: Mounting plugin VisualStudioCodeSourceCodeAccess
LogPluginManager: Mounting plugin PluginBrowser
LogPluginManager: Mounting plugin SpeedTreeImporter
LogPluginManager: Mounting plugin VisualStudioSourceCodeAccess
LogPluginManager: Mounting plugin XCodeSourceCodeAccess
LogPluginManager: Mounting plugin AndroidMedia
LogPluginManager: Mounting plugin AvfMedia
LogPluginManager: Mounting plugin LauncherChunkInstaller
LogPluginManager: Mounting plugin MediaCompositing
LogPluginManager: Mounting plugin ImgMedia
LogPluginManager: Mounting plugin MediaPlayerEditor
LogPluginManager: Mounting plugin WmfMedia
LogPluginManager: Mounting plugin WebMMedia
LogPluginManager: Mounting plugin OnlineSubsystemNull
LogPluginManager: Mounting plugin OnlineSubsystem
LogPluginManager: Mounting plugin OnlineSubsystemUtils
LogPluginManager: Mounting plugin ScreenshotTools
LogPluginManager: Mounting plugin AutomationUtils
LogPluginManager: Mounting plugin AlembicImporter
LogPluginManager: Mounting plugin ChaosClothEditor
LogPluginManager: Mounting plugin ChaosSolverPlugin
LogPluginManager: Mounting plugin ChaosEditor
LogPluginManager: Mounting plugin ChaosCloth
LogPluginManager: Mounting plugin ChaosNiagara
LogPluginManager: Mounting plugin CharacterAI
LogPluginManager: Mounting plugin BackChannel
LogPluginManager: Mounting plugin GeometryCache
LogPluginManager: Mounting plugin GeometryCollectionPlugin
LogPluginManager: Mounting plugin Takes
LogPluginManager: Mounting plugin GeometryProcessing
LogPluginManager: Mounting plugin MotoSynth
LogPluginManager: Mounting plugin OpenImageDenoise
LogPluginManager: Mounting plugin PlatformCrypto
LogPluginManager: Mounting plugin ProxyLODPlugin
LogPluginManager: Mounting plugin PlanarCut
LogPluginManager: Mounting plugin PythonScriptPlugin
LogPluginManager: Mounting plugin SkeletalReduction
LogPluginManager: Mounting plugin AndroidDeviceProfileSelector
LogPluginManager: Mounting plugin ActorLayerUtilities
LogPluginManager: Mounting plugin AndroidMoviePlayer
LogPluginManager: Mounting plugin AndroidPermission
LogPluginManager: Mounting plugin AppleImageUtils
LogPluginManager: Mounting plugin AppleMoviePlayer
LogPluginManager: Mounting plugin AudioCapture
LogPluginManager: Mounting plugin AssetTags
LogPluginManager: Mounting plugin ArchVisCharacter
LogPluginManager: Mounting plugin AudioSynesthesia
LogPluginManager: Mounting plugin ChunkDownloader
LogPluginManager: Mounting plugin CableComponent
LogPluginManager: Mounting plugin GoogleCloudMessaging
LogPluginManager: Mounting plugin CustomMeshComponent
LogPluginManager: Mounting plugin EditableMesh
LogPluginManager: Mounting plugin ExampleDeviceProfileSelector
LogPluginManager: Mounting plugin GooglePAD
LogPluginManager: Mounting plugin IOSDeviceProfileSelector
LogPluginManager: Mounting plugin LinuxDeviceProfileSelector
LogPluginManager: Mounting plugin LocationServicesBPLibrary
LogPluginManager: Mounting plugin MobilePatchingUtils
LogPluginManager: Mounting plugin OpenXR
LogPluginManager: Mounting plugin OpenXREyeTracker
LogPluginManager: Mounting plugin PostSplashScreen
LogPluginManager: Mounting plugin OpenXRHandTracking
LogPluginManager: Mounting plugin PropertyAccessEditor
LogPluginManager: Mounting plugin ProceduralMeshComponent
LogPluginManager: Mounting plugin PhysXVehicles
LogPluginManager: Mounting plugin RuntimePhysXCooking
LogPluginManager: Mounting plugin SignificanceManager
LogPluginManager: Mounting plugin SoundFields
LogPluginManager: Mounting plugin Synthesis
LogPluginManager: Mounting plugin WebMMoviePlayer
LogPluginManager: Mounting plugin WindowsMoviePlayer
LogPluginManager: Mounting plugin ContentBrowserClassDataSource
LogPluginManager: Mounting plugin ContentBrowserAssetDataSource
LogPluginManager: Mounting plugin ContentBrowserFileDataSource
LogPluginManager: Mounting plugin OnlineSubsystemIOS
LogPluginManager: Mounting plugin OnlineSubsystemGooglePlay
LogPluginManager: Mounting plugin OculusVR
LogPluginManager: Mounting plugin SteamVR
PixWinPlugin: PIX capture plugin failed to initialize! Check that the process is launched from PIX.
LogInit: Using libcurl 7.55.1-DEV
LogInit:  - built for x86_64-pc-win32
LogInit:  - supports SSL with OpenSSL/1.1.1
LogInit:  - supports HTTP deflate (compression) using libz 1.2.8
LogInit:  - other features:
LogInit:      CURL_VERSION_SSL
LogInit:      CURL_VERSION_LIBZ
LogInit:      CURL_VERSION_IPV6
LogInit:      CURL_VERSION_ASYNCHDNS
LogInit:      CURL_VERSION_LARGEFILE
LogInit:      CURL_VERSION_IDN
LogInit:  CurlRequestOptions (configurable via config and command line):
LogInit:  - bVerifyPeer = true  - Libcurl will verify peer certificate
LogInit:  - bUseHttpProxy = false  - Libcurl will NOT use HTTP proxy
LogInit:  - bDontReuseConnections = false  - Libcurl will reuse connections
LogInit:  - MaxHostConnections = 16  - Libcurl will limit the number of connections to a host
LogInit:  - LocalHostAddr = Default
LogInit:  - BufferSize = 65536
LogOnline: OSS: Creating online subsystem instance for: NULL
LogInit: WinSock: version 1.1 (2.2), MaxSocks=32767, MaxUdp=65467
LogOnline: OSS: TryLoadSubsystemAndSetDefault: Loaded subsystem for module [NULL]
LogOculusPluginWrapper: OculusPlugin initialized successfully
LogHMD: Failed initializing OVRPlugin 1.59.0
LogInit: Build: ++UE4+Release-4.27-CL-18319896
LogInit: Engine Version: 4.27.2-18319896+++UE4+Release-4.27
LogInit: Compatible Engine Version: 4.27.0-17155196+++UE4+Release-4.27
LogInit: Net CL: 17155196
LogInit: OS: Windows 10 (Release 2009) (), CPU: AMD Ryzen 7 5700G with Radeon Graphics         , GPU: AMD Radeon(TM) Graphics
LogInit: Compiled (64-bit): Nov 30 2021 07:12:08
LogInit: Compiled with Visual C++: 19.24.28315.00
LogInit: Build Configuration: Development
LogInit: Branch Name: ++UE4+Release-4.27
LogInit: Command Line: 
LogInit: Base Directory: C:/Program Files/Epic Games/UE_4.27/Engine/Binaries/Win64/
LogInit: Allocator: TBB
LogInit: Installed Engine Build: 1
LogDevObjectVersion: Number of dev versions registered: 29
LogDevObjectVersion:   Dev-Blueprints (B0D832E4-1F89-4F0D-ACCF-7EB736FD4AA2): 10
LogDevObjectVersion:   Dev-Build (E1C64328-A22C-4D53-A36C-8E866417BD8C): 0
LogDevObjectVersion:   Dev-Core (375EC13C-06E4-48FB-B500-84F0262A717E): 4
LogDevObjectVersion:   Dev-Editor (E4B068ED-F494-42E9-A231-DA0B2E46BB41): 40
LogDevObjectVersion:   Dev-Framework (CFFC743F-43B0-4480-9391-14DF171D2073): 37
LogDevObjectVersion:   Dev-Mobile (B02B49B5-BB20-44E9-A304-32B752E40360): 3
LogDevObjectVersion:   Dev-Networking (A4E4105C-59A1-49B5-A7C5-40C4547EDFEE): 0
LogDevObjectVersion:   Dev-Online (39C831C9-5AE6-47DC-9A44-9C173E1C8E7C): 0
LogDevObjectVersion:   Dev-Physics (78F01B33-EBEA-4F98-B9B4-84EACCB95AA2): 14
LogDevObjectVersion:   Dev-Platform (6631380F-2D4D-43E0-8009-CF276956A95A): 0
LogDevObjectVersion:   Dev-Rendering (12F88B9F-8875-4AFC-A67C-D90C383ABD29): 45
LogDevObjectVersion:   Dev-Sequencer (7B5AE74C-D270-4C10-A958-57980B212A5A): 13
LogDevObjectVersion:   Dev-VR (D7296918-1DD6-4BDD-9DE2-64A83CC13884): 3
LogDevObjectVersion:   Dev-LoadTimes (C2A15278-BFE7-4AFE-6C17-90FF531DF755): 1
LogDevObjectVersion:   Private-Geometry (6EACA3D4-40EC-4CC1-B786-8BED09428FC5): 3
LogDevObjectVersion:   Dev-AnimPhys (29E575DD-E0A3-4627-9D10-D276232CDCEA): 17
LogDevObjectVersion:   Dev-Anim (AF43A65D-7FD3-4947-9873-3E8ED9C1BB05): 15
LogDevObjectVersion:   Dev-ReflectionCapture (6B266CEC-1EC7-4B8F-A30B-E4D90942FC07): 1
LogDevObjectVersion:   Dev-Automation (0DF73D61-A23F-47EA-B727-89E90C41499A): 1
LogDevObjectVersion:   FortniteMain (601D1886-AC64-4F84-AA16-D3DE0DEAC7D6): 47
LogDevObjectVersion:   FortniteRelease (E7086368-6B23-4C58-8439-1B7016265E91): 1
LogDevObjectVersion:   Dev-Enterprise (9DFFBCD6-494F-0158-E221-12823C92A888): 10
LogDevObjectVersion:   Dev-Niagara (F2AED0AC-9AFE-416F-8664-AA7FFA26D6FC): 1
LogDevObjectVersion:   Dev-Destruction (174F1F0B-B4C6-45A5-B13F-2EE8D0FB917D): 10
LogDevObjectVersion:   Dev-Physics-Ext (35F94A83-E258-406C-A318-09F59610247C): 41
LogDevObjectVersion:   Dev-PhysicsMaterial-Chaos (B68FC16E-8B1B-42E2-B453-215C058844FE): 1
LogDevObjectVersion:   Dev-CineCamera (B2E18506-4273-CFC2-A54E-F4BB758BBA07): 1
LogDevObjectVersion:   Dev-VirtualProduction (64F58936-FD1B-42BA-BA96-7289D5D0FA4E): 1
LogDevObjectVersion:   Dev-MediaFramework (6F0ED827-A609-4895-9C91-998D90180EA4): 2
LogInit: Presizing for max 25165824 objects, including 0 objects not considered by GC, pre-allocating 0 bytes for permanent pool.
LogConfig: Applying CVar settings from Section [/Script/Engine.StreamingSettings] File [C:/Users/shizu/Documents/Unreal Projects/Output1_CompGraphProg/Saved/Config/Windows/Engine.ini]
LogConfig: Setting CVar [[s.MinBulkDataSizeForAsyncLoading:131072]]
LogConfig: Setting CVar [[s.AsyncLoadingThreadEnabled:0]]
LogConfig: Setting CVar [[s.EventDrivenLoaderEnabled:1]]
LogConfig: Setting CVar [[s.WarnIfTimeLimitExceeded:0]]
LogConfig: Setting CVar [[s.TimeLimitExceededMultiplier:1.5]]
LogConfig: Setting CVar [[s.TimeLimitExceededMinTime:0.005]]
LogConfig: Setting CVar [[s.UseBackgroundLevelStreaming:1]]
LogConfig: Setting CVar [[s.PriorityAsyncLoadingExtraTime:15.0]]
LogConfig: Setting CVar [[s.LevelStreamingActorsUpdateTimeLimit:5.0]]
LogConfig: Setting CVar [[s.PriorityLevelStreamingActorsUpdateExtraTime:5.0]]
LogConfig: Setting CVar [[s.LevelStreamingComponentsRegistrationGranularity:10]]
LogConfig: Setting CVar [[s.UnregisterComponentsTimeLimit:1.0]]
LogConfig: Setting CVar [[s.LevelStreamingComponentsUnregistrationGranularity:5]]
LogConfig: Setting CVar [[s.FlushStreamingOnExit:1]]
LogInit: Object subsystem initialized
LogConfig: Setting CVar [[con.DebugEarlyDefault:1]]
LogConfig: Setting CVar [[r.setres:1280x720]]
[2026.09.01-04.36.11:483][  0]LogConfig: Setting CVar [[r.VSync:0]]
[2026.09.01-04.36.11:483][  0]LogConfig: Setting CVar [[r.RHICmdBypass:0]]
[2026.09.01-04.36.11:483][  0]LogConfig: Applying CVar settings from Section [/Script/Engine.RendererSettings] File [C:/Users/shizu/Documents/Unreal Projects/Output1_CompGraphProg/Saved/Config/Windows/Engine.ini]
[2026.09.01-04.36.11:483][  0]LogConfig: Setting CVar [[r.GPUCrashDebugging:0]]
[2026.09.01-04.36.11:483][  0]LogConfig: Setting CVar [[r.Mobile.DisableVertexFog:1]]
[2026.09.01-04.36.11:483][  0]LogConfig: Setting CVar [[r.Shadow.CSM.MaxMobileCascades:2]]
[2026.09.01-04.36.11:483][  0]LogConfig: Setting CVar [[r.MobileMSAA:1]]
[2026.09.01-04.36.11:483][  0]LogConfig: Setting CVar [[r.Mobile.AllowDitheredLODTransition:0]]
[2026.09.01-04.36.11:483][  0]LogConfig: Setting CVar [[r.Mobile.AllowSoftwareOcclusion:0]]
[2026.09.01-04.36.11:483][  0]LogConfig: Setting CVar [[r.Mobile.VirtualTextures:0]]
[2026.09.01-04.36.11:483][  0]LogConfig: Setting CVar [[r.DiscardUnusedQuality:0]]
[2026.09.01-04.36.11:483][  0]LogConfig: Setting CVar [[r.AllowOcclusionQueries:1]]
[2026.09.01-04.36.11:483][  0]LogConfig: Setting CVar [[r.MinScreenRadiusForLights:0.030000]]
[2026.09.01-04.36.11:483][  0]LogConfig: Setting CVar [[r.MinScreenRadiusForDepthPrepass:0.030000]]
[2026.09.01-04.36.11:483][  0]LogConfig: Setting CVar [[r.MinScreenRadiusForCSMDepth:0.010000]]
[2026.09.01-04.36.11:483][  0]LogConfig: Setting CVar [[r.PrecomputedVisibilityWarning:0]]
[2026.09.01-04.36.11:484][  0]LogConfig: Setting CVar [[r.TextureStreaming:1]]
[2026.09.01-04.36.11:484][  0]LogConfig: Setting CVar [[Compat.UseDXT5NormalMaps:0]]
[2026.09.01-04.36.11:484][  0]LogConfig: Setting CVar [[r.VirtualTextures:0]]
[2026.09.01-04.36.11:484][  0]LogConfig: Setting CVar [[r.VT.EnableAutoImport:1]]
[2026.09.01-04.36.11:484][  0]LogConfig: Setting CVar [[r.VirtualTexturedLightmaps:0]]
[2026.09.01-04.36.11:484][  0]LogConfig: Setting CVar [[r.VT.TileSize:128]]
[2026.09.01-04.36.11:484][  0]LogConfig: Setting CVar [[r.VT.TileBorderSize:4]]
[2026.09.01-04.36.11:484][  0]LogConfig: Setting CVar [[r.vt.FeedbackFactor:16]]
[2026.09.01-04.36.11:484][  0]LogConfig: Setting CVar [[r.VT.EnableCompressZlib:1]]
[2026.09.01-04.36.11:484][  0]LogConfig: Setting CVar [[r.VT.EnableCompressCrunch:0]]
[2026.09.01-04.36.11:484][  0]LogConfig: Setting CVar [[r.ClearCoatNormal:0]]
[2026.09.01-04.36.11:484][  0]LogConfig: Setting CVar [[r.ReflectionCaptureResolution:128]]
[2026.09.01-04.36.11:484][  0]LogConfig: Setting CVar [[r.Mobile.ReflectionCaptureCompression:0]]
[2026.09.01-04.36.11:484][  0]LogConfig: Setting CVar [[r.ReflectionEnvironmentLightmapMixBasedOnRoughness:1]]
[2026.09.01-04.36.11:484][  0]LogConfig: Setting CVar [[r.ForwardShading:0]]
[2026.09.01-04.36.11:484][  0]LogConfig: Setting CVar [[r.VertexFoggingForOpaque:1]]
[2026.09.01-04.36.11:484][  0]LogConfig: Setting CVar [[r.AllowStaticLighting:1]]
[2026.09.01-04.36.11:484][  0]LogConfig: Setting CVar [[r.NormalMapsForStaticLighting:0]]
[2026.09.01-04.36.11:484][  0]LogConfig: Setting CVar [[r.GenerateMeshDistanceFields:0]]
[2026.09.01-04.36.11:484][  0]LogConfig: Setting CVar [[r.DistanceFieldBuild.EightBit:0]]
[2026.09.01-04.36.11:484][  0]LogConfig: Setting CVar [[r.GenerateLandscapeGIData:0]]
[2026.09.01-04.36.11:484][  0]LogConfig: Setting CVar [[r.DistanceFieldBuild.Compress:0]]
[2026.09.01-04.36.11:484][  0]LogConfig: Setting CVar [[r.TessellationAdaptivePixelsPerTriangle:48.000000]]
[2026.09.01-04.36.11:484][  0]LogConfig: Setting CVar [[r.SeparateTranslucency:1]]
[2026.09.01-04.36.11:484][  0]LogConfig: Setting CVar [[r.TranslucentSortPolicy:0]]
[2026.09.01-04.36.11:484][  0]LogConfig: Setting CVar [[vr.VRS.HMDFixedFoveationLevel:0]]
[2026.09.01-04.36.11:484][  0]LogConfig: Setting CVar [[r.CustomDepth:1]]
[2026.09.01-04.36.11:484][  0]LogConfig: Setting CVar [[r.CustomDepthTemporalAAJitter:1]]
[2026.09.01-04.36.11:484][  0]LogConfig: Setting CVar [[r.PostProcessing.PropagateAlpha:0]]
[2026.09.01-04.36.11:484][  0]LogConfig: Setting CVar [[r.DefaultFeature.Bloom:1]]
[2026.09.01-04.36.11:484][  0]LogConfig: Setting CVar [[r.DefaultFeature.AmbientOcclusion:1]]
[2026.09.01-04.36.11:484][  0]LogConfig: Setting CVar [[r.DefaultFeature.AmbientOcclusionStaticFraction:1]]
[2026.09.01-04.36.11:484][  0]LogConfig: Setting CVar [[r.DefaultFeature.AutoExposure:0]]
[2026.09.01-04.36.11:484][  0]LogConfig: Setting CVar [[r.DefaultFeature.AutoExposure.Method:0]]
[2026.09.01-04.36.11:484][  0]LogConfig: Setting CVar [[r.DefaultFeature.AutoExposure.Bias:1.000000]]
[2026.09.01-04.36.11:484][  0]LogConfig: Setting CVar [[r.DefaultFeature.AutoExposure.ExtendDefaultLuminanceRange:0]]
[2026.09.01-04.36.11:484][  0]LogConfig: Setting CVar [[r.UsePreExposure:1]]
[2026.09.01-04.36.11:484][  0]LogConfig: Setting CVar [[r.EyeAdaptation.EditorOnly:0]]
[2026.09.01-04.36.11:484][  0]LogConfig: Setting CVar [[r.DefaultFeature.MotionBlur:0]]
[2026.09.01-04.36.11:484][  0]LogConfig: Setting CVar [[r.DefaultFeature.LensFlare:0]]
[2026.09.01-04.36.11:484][  0]LogConfig: Setting CVar [[r.TemporalAA.Upsampling:0]]
[2026.09.01-04.36.11:484][  0]LogConfig: Setting CVar [[r.SSGI.Enable:0]]
[2026.09.01-04.36.11:484][  0]LogConfig: Setting CVar [[r.DefaultFeature.AntiAliasing:0]]
[2026.09.01-04.36.11:484][  0]LogConfig: Setting CVar [[r.DefaultFeature.LightUnits:1]]
[2026.09.01-04.36.11:484][  0]LogConfig: Setting CVar [[r.DefaultBackBufferPixelFormat:4]]
[2026.09.01-04.36.11:484][  0]LogConfig: Setting CVar [[r.Shadow.UnbuiltPreviewInGame:1]]
[2026.09.01-04.36.11:484][  0]LogConfig: Setting CVar [[r.StencilForLODDither:0]]
[2026.09.01-04.36.11:484][  0]LogConfig: Setting CVar [[r.EarlyZPass:3]]
[2026.09.01-04.36.11:485][  0]LogConfig: Setting CVar [[r.EarlyZPassOnlyMaterialMasking:0]]
[2026.09.01-04.36.11:485][  0]LogConfig: Setting CVar [[r.DBuffer:1]]
[2026.09.01-04.36.11:485][  0]LogConfig: Setting CVar [[r.ClearSceneMethod:1]]
[2026.09.01-04.36.11:485][  0]LogConfig: Setting CVar [[r.BasePassOutputsVelocity:0]]
[2026.09.01-04.36.11:485][  0]LogConfig: Setting CVar [[r.VertexDeformationOutputsVelocity:0]]
[2026.09.01-04.36.11:485][  0]LogConfig: Setting CVar [[r.SelectiveBasePassOutputs:0]]
[2026.09.01-04.36.11:485][  0]LogConfig: Setting CVar [[fx.GPUSimulationTextureSizeX:1024]]
[2026.09.01-04.36.11:485][  0]LogConfig: Setting CVar [[fx.GPUSimulationTextureSizeY:1024]]
[2026.09.01-04.36.11:485][  0]LogConfig: Setting CVar [[r.AllowGlobalClipPlane:0]]
[2026.09.01-04.36.11:485][  0]LogConfig: Setting CVar [[r.GBufferFormat:1]]
[2026.09.01-04.36.11:485][  0]LogConfig: Setting CVar [[r.MorphTarget.Mode:1]]
[2026.09.01-04.36.11:485][  0]LogConfig: Setting CVar [[vr.InstancedStereo:0]]
[2026.09.01-04.36.11:485][  0]LogConfig: Setting CVar [[r.MobileHDR:1]]
[2026.09.01-04.36.11:485][  0]LogConfig: Setting CVar [[vr.MobileMultiView:0]]
[2026.09.01-04.36.11:485][  0]LogConfig: Setting CVar [[r.Mobile.UseHWsRGBEncoding:0]]
[2026.09.01-04.36.11:485][  0]LogConfig: Setting CVar [[vr.RoundRobinOcclusion:0]]
[2026.09.01-04.36.11:485][  0]LogConfig: Setting CVar [[vr.ODSCapture:0]]
[2026.09.01-04.36.11:485][  0]LogConfig: Setting CVar [[r.MeshStreaming:0]]
[2026.09.01-04.36.11:485][  0]LogConfig: Setting CVar [[r.WireframeCullThreshold:5.000000]]
[2026.09.01-04.36.11:485][  0]LogConfig: Setting CVar [[r.RayTracing:0]]
[2026.09.01-04.36.11:485][  0]LogConfig: Setting CVar [[r.RayTracing.UseTextureLod:0]]
[2026.09.01-04.36.11:485][  0]LogConfig: Setting CVar [[r.SupportStationarySkylight:1]]
[2026.09.01-04.36.11:485][  0]LogConfig: Setting CVar [[r.SupportLowQualityLightmaps:1]]
[2026.09.01-04.36.11:485][  0]LogConfig: Setting CVar [[r.SupportPointLightWholeSceneShadows:1]]
[2026.09.01-04.36.11:485][  0]LogConfig: Setting CVar [[r.SupportAtmosphericFog:1]]
[2026.09.01-04.36.11:485][  0]LogConfig: Setting CVar [[r.SupportSkyAtmosphere:1]]
[2026.09.01-04.36.11:485][  0]LogConfig: Setting CVar [[r.SupportSkyAtmosphereAffectsHeightFog:0]]
[2026.09.01-04.36.11:485][  0]LogConfig: Setting CVar [[r.SkinCache.CompileShaders:0]]
[2026.09.01-04.36.11:485][  0]LogConfig: Setting CVar [[r.SkinCache.DefaultBehavior:1]]
[2026.09.01-04.36.11:485][  0]LogConfig: Setting CVar [[r.SkinCache.SceneMemoryLimitInMB:128.000000]]
[2026.09.01-04.36.11:485][  0]LogConfig: Setting CVar [[r.Mobile.EnableStaticAndCSMShadowReceivers:1]]
[2026.09.01-04.36.11:485][  0]LogConfig: Setting CVar [[r.Mobile.EnableMovableLightCSMShaderCulling:1]]
[2026.09.01-04.36.11:485][  0]LogConfig: Setting CVar [[r.Mobile.AllowDistanceFieldShadows:1]]
[2026.09.01-04.36.11:485][  0]LogConfig: Setting CVar [[r.Mobile.AllowMovableDirectionalLights:1]]
[2026.09.01-04.36.11:485][  0]LogConfig: Setting CVar [[r.MobileNumDynamicPointLights:4]]
[2026.09.01-04.36.11:485][  0]LogConfig: Setting CVar [[r.MobileDynamicPointLightsUseStaticBranch:1]]
[2026.09.01-04.36.11:485][  0]LogConfig: Setting CVar [[r.Mobile.EnableMovableSpotlights:0]]
[2026.09.01-04.36.11:485][  0]LogConfig: Setting CVar [[r.Mobile.EnableMovableSpotlightsShadow:0]]
[2026.09.01-04.36.11:485][  0]LogConfig: Setting CVar [[r.GPUSkin.Support16BitBoneIndex:0]]
[2026.09.01-04.36.11:485][  0]LogConfig: Setting CVar [[r.GPUSkin.Limit2BoneInfluences:0]]
[2026.09.01-04.36.11:485][  0]LogConfig: Setting CVar [[r.SupportDepthOnlyIndexBuffers:1]]
[2026.09.01-04.36.11:485][  0]LogConfig: Setting CVar [[r.SupportReversedIndexBuffers:1]]
[2026.09.01-04.36.11:485][  0]LogConfig: Setting CVar [[r.LightPropagationVolume:0]]
[2026.09.01-04.36.11:485][  0]LogConfig: Setting CVar [[r.Mobile.AmbientOcclusion:0]]
[2026.09.01-04.36.11:485][  0]LogConfig: Setting CVar [[r.GPUSkin.UnlimitedBoneInfluences:0]]
[2026.09.01-04.36.11:485][  0]LogConfig: Setting CVar [[r.GPUSkin.UnlimitedBoneInfluencesThreshold:8]]
[2026.09.01-04.36.11:485][  0]LogConfig: Setting CVar [[r.Mobile.PlanarReflectionMode:0]]
[2026.09.01-04.36.11:485][  0]LogConfig: Setting CVar [[r.Mobile.SupportsGen4TAA:0]]
[2026.09.01-04.36.11:485][  0]LogConfig: Applying CVar settings from Section [/Script/Engine.RendererOverrideSettings] File [C:/Users/shizu/Documents/Unreal Projects/Output1_CompGraphProg/Saved/Config/Windows/Engine.ini]
[2026.09.01-04.36.11:485][  0]LogConfig: Applying CVar settings from Section [/Script/Engine.StreamingSettings] File [C:/Users/shizu/Documents/Unreal Projects/Output1_CompGraphProg/Saved/Config/Windows/Engine.ini]
[2026.09.01-04.36.11:485][  0]LogConfig: Setting CVar [[s.MinBulkDataSizeForAsyncLoading:131072]]
[2026.09.01-04.36.11:485][  0]LogConfig: Setting CVar [[s.AsyncLoadingThreadEnabled:0]]
[2026.09.01-04.36.11:485][  0]LogConfig: Setting CVar [[s.EventDrivenLoaderEnabled:1]]
[2026.09.01-04.36.11:485][  0]LogConfig: Setting CVar [[s.WarnIfTimeLimitExceeded:0]]
[2026.09.01-04.36.11:485][  0]LogConfig: Setting CVar [[s.TimeLimitExceededMultiplier:1.5]]
[2026.09.01-04.36.11:485][  0]LogConfig: Setting CVar [[s.TimeLimitExceededMinTime:0.005]]
[2026.09.01-04.36.11:485][  0]LogConfig: Setting CVar [[s.UseBackgroundLevelStreaming:1]]
[2026.09.01-04.36.11:485][  0]LogConfig: Setting CVar [[s.PriorityAsyncLoadingExtraTime:15.0]]
[2026.09.01-04.36.11:485][  0]LogConfig: Setting CVar [[s.LevelStreamingActorsUpdateTimeLimit:5.0]]
[2026.09.01-04.36.11:485][  0]LogConfig: Setting CVar [[s.PriorityLevelStreamingActorsUpdateExtraTime:5.0]]
[2026.09.01-04.36.11:485][  0]LogConfig: Setting CVar [[s.LevelStreamingComponentsRegistrationGranularity:10]]
[2026.09.01-04.36.11:485][  0]LogConfig: Setting CVar [[s.UnregisterComponentsTimeLimit:1.0]]
[2026.09.01-04.36.11:485][  0]LogConfig: Setting CVar [[s.LevelStreamingComponentsUnregistrationGranularity:5]]
[2026.09.01-04.36.11:485][  0]LogConfig: Setting CVar [[s.FlushStreamingOnExit:1]]
[2026.09.01-04.36.11:485][  0]LogConfig: Applying CVar settings from Section [/Script/Engine.GarbageCollectionSettings] File [C:/Users/shizu/Documents/Unreal Projects/Output1_CompGraphProg/Saved/Config/Windows/Engine.ini]
[2026.09.01-04.36.11:485][  0]LogConfig: Setting CVar [[gc.MaxObjectsNotConsideredByGC:1]]
[2026.09.01-04.36.11:485][  0]LogConfig: Setting CVar [[gc.SizeOfPermanentObjectPool:0]]
[2026.09.01-04.36.11:485][  0]LogConfig: Setting CVar [[gc.FlushStreamingOnGC:0]]
[2026.09.01-04.36.11:485][  0]LogConfig: Setting CVar [[gc.NumRetriesBeforeForcingGC:10]]
[2026.09.01-04.36.11:485][  0]LogConfig: Setting CVar [[gc.AllowParallelGC:1]]
[2026.09.01-04.36.11:485][  0]LogConfig: Setting CVar [[gc.TimeBetweenPurgingPendingKillObjects:61.1]]
[2026.09.01-04.36.11:485][  0]LogConfig: Setting CVar [[gc.MaxObjectsInEditor:25165824]]
[2026.09.01-04.36.11:485][  0]LogConfig: Setting CVar [[gc.IncrementalBeginDestroyEnabled:1]]
[2026.09.01-04.36.11:485][  0]LogConfig: Setting CVar [[gc.CreateGCClusters:1]]
[2026.09.01-04.36.11:485][  0]LogConfig: Setting CVar [[gc.MinGCClusterSize:5]]
[2026.09.01-04.36.11:485][  0]LogConfig: Setting CVar [[gc.ActorClusteringEnabled:0]]
[2026.09.01-04.36.11:485][  0]LogConfig: Setting CVar [[gc.BlueprintClusteringEnabled:0]]
[2026.09.01-04.36.11:485][  0]LogConfig: Setting CVar [[gc.UseDisregardForGCOnDedicatedServers:0]]
[2026.09.01-04.36.11:485][  0]LogConfig: Setting CVar [[gc.MultithreadedDestructionEnabled:1]]
[2026.09.01-04.36.11:485][  0]LogConfig: Applying CVar settings from Section [/Script/Engine.NetworkSettings] File [C:/Users/shizu/Documents/Unreal Projects/Output1_CompGraphProg/Saved/Config/Windows/Engine.ini]
[2026.09.01-04.36.11:485][  0]LogConfig: Applying CVar settings from Section [/Script/UnrealEd.CookerSettings] File [C:/Users/shizu/Documents/Unreal Projects/Output1_CompGraphProg/Saved/Config/Windows/Engine.ini]
[2026.09.01-04.36.11:497][  0]LogConfig: Applying CVar settings from Section [ViewDistanceQuality@3] File [C:/Users/shizu/Documents/Unreal Projects/Output1_CompGraphProg/Saved/Config/Windows/Scalability.ini]
[2026.09.01-04.36.11:497][  0]LogConfig: Setting CVar [[r.SkeletalMeshLODBias:0]]
[2026.09.01-04.36.11:497][  0]LogConfig: Setting CVar [[r.ViewDistanceScale:1.0]]
[2026.09.01-04.36.11:497][  0]LogConfig: Applying CVar settings from Section [AntiAliasingQuality@3] File [C:/Users/shizu/Documents/Unreal Projects/Output1_CompGraphProg/Saved/Config/Windows/Scalability.ini]
[2026.09.01-04.36.11:497][  0]LogConfig: Setting CVar [[r.PostProcessAAQuality:4]]
[2026.09.01-04.36.11:497][  0]LogConfig: Applying CVar settings from Section [ShadowQuality@3] File [C:/Users/shizu/Documents/Unreal Projects/Output1_CompGraphProg/Saved/Config/Windows/Scalability.ini]
[2026.09.01-04.36.11:498][  0]LogConfig: Setting CVar [[r.LightFunctionQuality:1]]
[2026.09.01-04.36.11:498][  0]LogConfig: Setting CVar [[r.ShadowQuality:5]]
[2026.09.01-04.36.11:498][  0]LogConfig: Setting CVar [[r.Shadow.CSM.MaxCascades:10]]
[2026.09.01-04.36.11:498][  0]LogConfig: Setting CVar [[r.Shadow.MaxResolution:2048]]
[2026.09.01-04.36.11:498][  0]LogConfig: Setting CVar [[r.Shadow.MaxCSMResolution:2048]]
[2026.09.01-04.36.11:498][  0]LogConfig: Setting CVar [[r.Shadow.RadiusThreshold:0.01]]
[2026.09.01-04.36.11:498][  0]LogConfig: Setting CVar [[r.Shadow.DistanceScale:1.0]]
[2026.09.01-04.36.11:498][  0]LogConfig: Setting CVar [[r.Shadow.CSM.TransitionScale:1.0]]
[2026.09.01-04.36.11:498][  0]LogConfig: Setting CVar [[r.Shadow.PreShadowResolutionFactor:1.0]]
[2026.09.01-04.36.11:498][  0]LogConfig: Setting CVar [[r.DistanceFieldShadowing:1]]
[2026.09.01-04.36.11:498][  0]LogConfig: Setting CVar [[r.DistanceFieldAO:1]]
[2026.09.01-04.36.11:498][  0]LogConfig: Setting CVar [[r.AOQuality:2]]
[2026.09.01-04.36.11:498][  0]LogConfig: Setting CVar [[r.VolumetricFog:1]]
[2026.09.01-04.36.11:498][  0]LogConfig: Setting CVar [[r.VolumetricFog.GridPixelSize:8]]
[2026.09.01-04.36.11:498][  0]LogConfig: Setting CVar [[r.VolumetricFog.GridSizeZ:128]]
[2026.09.01-04.36.11:498][  0]LogConfig: Setting CVar [[r.VolumetricFog.HistoryMissSupersampleCount:4]]
[2026.09.01-04.36.11:498][  0]LogConfig: Setting CVar [[r.LightMaxDrawDistanceScale:1]]
[2026.09.01-04.36.11:498][  0]LogConfig: Setting CVar [[r.CapsuleShadows:1]]
[2026.09.01-04.36.11:498][  0]LogConfig: Applying CVar settings from Section [PostProcessQuality@3] File [C:/Users/shizu/Documents/Unreal Projects/Output1_CompGraphProg/Saved/Config/Windows/Scalability.ini]
[2026.09.01-04.36.11:498][  0]LogConfig: Setting CVar [[r.MotionBlurQuality:4]]
[2026.09.01-04.36.11:498][  0]LogConfig: Setting CVar [[r.AmbientOcclusionMipLevelFactor:0.4]]
[2026.09.01-04.36.11:498][  0]LogConfig: Setting CVar [[r.AmbientOcclusionMaxQuality:100]]
[2026.09.01-04.36.11:498][  0]LogConfig: Setting CVar [[r.AmbientOcclusionLevels:-1]]
[2026.09.01-04.36.11:498][  0]LogConfig: Setting CVar [[r.AmbientOcclusionRadiusScale:1.0]]
[2026.09.01-04.36.11:498][  0]LogConfig: Setting CVar [[r.DepthOfFieldQuality:2]]
[2026.09.01-04.36.11:498][  0]LogConfig: Setting CVar [[r.RenderTargetPoolMin:400]]
[2026.09.01-04.36.11:498][  0]LogConfig: Setting CVar [[r.LensFlareQuality:2]]
[2026.09.01-04.36.11:498][  0]LogConfig: Setting CVar [[r.SceneColorFringeQuality:1]]
[2026.09.01-04.36.11:498][  0]LogConfig: Setting CVar [[r.EyeAdaptationQuality:2]]
[2026.09.01-04.36.11:498][  0]LogConfig: Setting CVar [[r.BloomQuality:5]]
[2026.09.01-04.36.11:498][  0]LogConfig: Setting CVar [[r.FastBlurThreshold:100]]
[2026.09.01-04.36.11:498][  0]LogConfig: Setting CVar [[r.Upscale.Quality:3]]
[2026.09.01-04.36.11:498][  0]LogConfig: Setting CVar [[r.Tonemapper.GrainQuantization:1]]
[2026.09.01-04.36.11:498][  0]LogConfig: Setting CVar [[r.LightShaftQuality:1]]
[2026.09.01-04.36.11:498][  0]LogConfig: Setting CVar [[r.Filter.SizeScale:1]]
[2026.09.01-04.36.11:498][  0]LogConfig: Setting CVar [[r.Tonemapper.Quality:5]]
[2026.09.01-04.36.11:498][  0]LogConfig: Setting CVar [[r.DOF.Gather.AccumulatorQuality:1        ; higher gathering accumulator quality]]
[2026.09.01-04.36.11:498][  0]LogConfig: Setting CVar [[r.DOF.Gather.PostfilterMethod:1          ; Median3x3 postfilering method]]
[2026.09.01-04.36.11:498][  0]LogConfig: Setting CVar [[r.DOF.Gather.EnableBokehSettings:0       ; no bokeh simulation when gathering]]
[2026.09.01-04.36.11:498][  0]LogConfig: Setting CVar [[r.DOF.Gather.RingCount:4                 ; medium number of samples when gathering]]
[2026.09.01-04.36.11:498][  0]LogConfig: Setting CVar [[r.DOF.Scatter.ForegroundCompositing:1    ; additive foreground scattering]]
[2026.09.01-04.36.11:498][  0]LogConfig: Setting CVar [[r.DOF.Scatter.BackgroundCompositing:2    ; additive background scattering]]
[2026.09.01-04.36.11:498][  0]LogConfig: Setting CVar [[r.DOF.Scatter.EnableBokehSettings:1      ; bokeh simulation when scattering]]
[2026.09.01-04.36.11:498][  0]LogConfig: Setting CVar [[r.DOF.Scatter.MaxSpriteRatio:0.1         ; only a maximum of 10% of scattered bokeh]]
[2026.09.01-04.36.11:498][  0]LogConfig: Setting CVar [[r.DOF.Recombine.Quality:1                ; cheap slight out of focus]]
[2026.09.01-04.36.11:498][  0]LogConfig: Setting CVar [[r.DOF.Recombine.EnableBokehSettings:0    ; no bokeh simulation on slight out of focus]]
[2026.09.01-04.36.11:498][  0]LogConfig: Setting CVar [[r.DOF.TemporalAAQuality:1                ; more stable temporal accumulation]]
[2026.09.01-04.36.11:498][  0]LogConfig: Setting CVar [[r.DOF.Kernel.MaxForegroundRadius:0.025]]
[2026.09.01-04.36.11:498][  0]LogConfig: Setting CVar [[r.DOF.Kernel.MaxBackgroundRadius:0.025]]
[2026.09.01-04.36.11:498][  0]LogConfig: Applying CVar settings from Section [TextureQuality@3] File [C:/Users/shizu/Documents/Unreal Projects/Output1_CompGraphProg/Saved/Config/Windows/Scalability.ini]
[2026.09.01-04.36.11:498][  0]LogConfig: Setting CVar [[r.Streaming.MipBias:0]]
[2026.09.01-04.36.11:498][  0]LogConfig: Setting CVar [[r.Streaming.AmortizeCPUToGPUCopy:0]]
[2026.09.01-04.36.11:498][  0]LogConfig: Setting CVar [[r.Streaming.MaxNumTexturesToStreamPerFrame:0]]
[2026.09.01-04.36.11:498][  0]LogConfig: Setting CVar [[r.Streaming.Boost:1]]
[2026.09.01-04.36.11:498][  0]LogConfig: Setting CVar [[r.MaxAnisotropy:8]]
[2026.09.01-04.36.11:498][  0]LogConfig: Setting CVar [[r.VT.MaxAnisotropy:8]]
[2026.09.01-04.36.11:498][  0]LogConfig: Setting CVar [[r.Streaming.LimitPoolSizeToVRAM:0]]
[2026.09.01-04.36.11:498][  0]LogConfig: Setting CVar [[r.Streaming.PoolSize:1000]]
[2026.09.01-04.36.11:498][  0]LogConfig: Setting CVar [[r.Streaming.MaxEffectiveScreenSize:0]]
[2026.09.01-04.36.11:498][  0]LogConfig: Applying CVar settings from Section [EffectsQuality@3] File [C:/Users/shizu/Documents/Unreal Projects/Output1_CompGraphProg/Saved/Config/Windows/Scalability.ini]
[2026.09.01-04.36.11:498][  0]LogConfig: Setting CVar [[r.TranslucencyLightingVolumeDim:64]]
[2026.09.01-04.36.11:498][  0]LogConfig: Setting CVar [[r.RefractionQuality:2]]
[2026.09.01-04.36.11:498][  0]LogConfig: Setting CVar [[r.SSR.Quality:3]]
[2026.09.01-04.36.11:498][  0]LogConfig: Setting CVar [[r.SSR.HalfResSceneColor:0]]
[2026.09.01-04.36.11:498][  0]LogConfig: Setting CVar [[r.SceneColorFormat:4]]
[2026.09.01-04.36.11:498][  0]LogConfig: Setting CVar [[r.DetailMode:2]]
[2026.09.01-04.36.11:498][  0]LogConfig: Setting CVar [[r.TranslucencyVolumeBlur:1]]
[2026.09.01-04.36.11:498][  0]LogConfig: Setting CVar [[r.MaterialQualityLevel:1 ; High quality]]
[2026.09.01-04.36.11:498][  0]LogConfig: Setting CVar [[r.AnisotropicMaterials:1]]
[2026.09.01-04.36.11:498][  0]LogConfig: Setting CVar [[r.SSS.Scale:1]]
[2026.09.01-04.36.11:498][  0]LogConfig: Setting CVar [[r.SSS.SampleSet:2]]
[2026.09.01-04.36.11:498][  0]LogConfig: Setting CVar [[r.SSS.Quality:1]]
[2026.09.01-04.36.11:498][  0]LogConfig: Setting CVar [[r.SSS.HalfRes:0]]
[2026.09.01-04.36.11:498][  0]LogConfig: Setting CVar [[r.SSGI.Quality:3]]
[2026.09.01-04.36.11:498][  0]LogConfig: Setting CVar [[r.EmitterSpawnRateScale:1.0]]
[2026.09.01-04.36.11:498][  0]LogConfig: Setting CVar [[r.ParticleLightQuality:2]]
[2026.09.01-04.36.11:498][  0]LogConfig: Setting CVar [[r.SkyAtmosphere.AerialPerspectiveLUT.FastApplyOnOpaque:1 ; Always have FastSkyLUT 1 in this case to avoid wrong sky]]
[2026.09.01-04.36.11:498][  0]LogConfig: Setting CVar [[r.SkyAtmosphere.AerialPerspectiveLUT.SampleCountMaxPerSlice:4]]
[2026.09.01-04.36.11:498][  0]LogConfig: Setting CVar [[r.SkyAtmosphere.AerialPerspectiveLUT.DepthResolution:16.0]]
[2026.09.01-04.36.11:498][  0]LogConfig: Setting CVar [[r.SkyAtmosphere.FastSkyLUT:1]]
[2026.09.01-04.36.11:498][  0]LogConfig: Setting CVar [[r.SkyAtmosphere.FastSkyLUT.SampleCountMin:4.0]]
[2026.09.01-04.36.11:498][  0]LogConfig: Setting CVar [[r.SkyAtmosphere.FastSkyLUT.SampleCountMax:128.0]]
[2026.09.01-04.36.11:498][  0]LogConfig: Setting CVar [[r.SkyAtmosphere.SampleCountMin:4.0]]
[2026.09.01-04.36.11:498][  0]LogConfig: Setting CVar [[r.SkyAtmosphere.SampleCountMax:128.0]]
[2026.09.01-04.36.11:498][  0]LogConfig: Setting CVar [[r.SkyAtmosphere.TransmittanceLUT.UseSmallFormat:0]]
[2026.09.01-04.36.11:498][  0]LogConfig: Setting CVar [[r.SkyAtmosphere.TransmittanceLUT.SampleCount:10.0]]
[2026.09.01-04.36.11:498][  0]LogConfig: Setting CVar [[r.SkyAtmosphere.MultiScatteringLUT.SampleCount:15.0]]
[2026.09.01-04.36.11:498][  0]LogConfig: Setting CVar [[r.SkyLight.RealTimeReflectionCapture:1]]
[2026.09.01-04.36.11:498][  0]LogConfig: Applying CVar settings from Section [FoliageQuality@3] File [C:/Users/shizu/Documents/Unreal Projects/Output1_CompGraphProg/Saved/Config/Windows/Scalability.ini]
[2026.09.01-04.36.11:498][  0]LogConfig: Setting CVar [[foliage.DensityScale:1.0]]
[2026.09.01-04.36.11:498][  0]LogConfig: Setting CVar [[grass.DensityScale:1.0]]
[2026.09.01-04.36.11:498][  0]LogConfig: Applying CVar settings from Section [ShadingQuality@3] File [C:/Users/shizu/Documents/Unreal Projects/Output1_CompGraphProg/Saved/Config/Windows/Scalability.ini]
[2026.09.01-04.36.11:498][  0]LogConfig: Setting CVar [[r.HairStrands.SkyLighting.IntegrationType:2]]
[2026.09.01-04.36.11:498][  0]LogConfig: Setting CVar [[r.HairStrands.SkyAO.SampleCount:4]]
[2026.09.01-04.36.11:498][  0]LogConfig: Setting CVar [[r.HairStrands.Visibility.MSAA.SamplePerPixel:4]]
[2026.09.01-04.36.11:499][  0]LogInit: Selected Device Profile: [Windows]
[2026.09.01-04.36.11:499][  0]LogInit: Applying CVar settings loaded from the selected device profile: [Windows]
[2026.09.01-04.36.11:501][  0]LogHAL: Display: Platform has ~ 16 GB [16424390656 / 17179869184 / 16], which maps to Larger [LargestMinGB=32, LargerMinGB=12, DefaultMinGB=8, SmallerMinGB=6, SmallestMinGB=0)
[2026.09.01-04.36.11:501][  0]LogInit: Going up to parent DeviceProfile []
[2026.09.01-04.36.11:501][  0]LogConfig: Applying CVar settings from Section [ViewDistanceQuality@3] File [C:/Users/shizu/Documents/Unreal Projects/Output1_CompGraphProg/Saved/Config/Windows/Scalability.ini]
[2026.09.01-04.36.11:501][  0]LogConfig: Setting CVar [[r.SkeletalMeshLODBias:0]]
[2026.09.01-04.36.11:501][  0]LogConfig: Setting CVar [[r.ViewDistanceScale:1.0]]
[2026.09.01-04.36.11:501][  0]LogConfig: Applying CVar settings from Section [AntiAliasingQuality@3] File [C:/Users/shizu/Documents/Unreal Projects/Output1_CompGraphProg/Saved/Config/Windows/Scalability.ini]
[2026.09.01-04.36.11:501][  0]LogConfig: Setting CVar [[r.PostProcessAAQuality:4]]
[2026.09.01-04.36.11:501][  0]LogConfig: Applying CVar settings from Section [ShadowQuality@3] File [C:/Users/shizu/Documents/Unreal Projects/Output1_CompGraphProg/Saved/Config/Windows/Scalability.ini]
[2026.09.01-04.36.11:501][  0]LogConfig: Setting CVar [[r.LightFunctionQuality:1]]
[2026.09.01-04.36.11:501][  0]LogConfig: Setting CVar [[r.ShadowQuality:5]]
[2026.09.01-04.36.11:501][  0]LogConfig: Setting CVar [[r.Shadow.CSM.MaxCascades:10]]
[2026.09.01-04.36.11:501][  0]LogConfig: Setting CVar [[r.Shadow.MaxResolution:2048]]
[2026.09.01-04.36.11:501][  0]LogConfig: Setting CVar [[r.Shadow.MaxCSMResolution:2048]]
[2026.09.01-04.36.11:501][  0]LogConfig: Setting CVar [[r.Shadow.RadiusThreshold:0.01]]
[2026.09.01-04.36.11:501][  0]LogConfig: Setting CVar [[r.Shadow.DistanceScale:1.0]]
[2026.09.01-04.36.11:501][  0]LogConfig: Setting CVar [[r.Shadow.CSM.TransitionScale:1.0]]
[2026.09.01-04.36.11:501][  0]LogConfig: Setting CVar [[r.Shadow.PreShadowResolutionFactor:1.0]]
[2026.09.01-04.36.11:501][  0]LogConfig: Setting CVar [[r.DistanceFieldShadowing:1]]
[2026.09.01-04.36.11:501][  0]LogConfig: Setting CVar [[r.DistanceFieldAO:1]]
[2026.09.01-04.36.11:501][  0]LogConfig: Setting CVar [[r.AOQuality:2]]
[2026.09.01-04.36.11:501][  0]LogConfig: Setting CVar [[r.VolumetricFog:1]]
[2026.09.01-04.36.11:501][  0]LogConfig: Setting CVar [[r.VolumetricFog.GridPixelSize:8]]
[2026.09.01-04.36.11:501][  0]LogConfig: Setting CVar [[r.VolumetricFog.GridSizeZ:128]]
[2026.09.01-04.36.11:501][  0]LogConfig: Setting CVar [[r.VolumetricFog.HistoryMissSupersampleCount:4]]
[2026.09.01-04.36.11:501][  0]LogConfig: Setting CVar [[r.LightMaxDrawDistanceScale:1]]
[2026.09.01-04.36.11:501][  0]LogConfig: Setting CVar [[r.CapsuleShadows:1]]
[2026.09.01-04.36.11:501][  0]LogConfig: Applying CVar settings from Section [PostProcessQuality@3] File [C:/Users/shizu/Documents/Unreal Projects/Output1_CompGraphProg/Saved/Config/Windows/Scalability.ini]
[2026.09.01-04.36.11:501][  0]LogConfig: Setting CVar [[r.MotionBlurQuality:4]]
[2026.09.01-04.36.11:501][  0]LogConfig: Setting CVar [[r.AmbientOcclusionMipLevelFactor:0.4]]
[2026.09.01-04.36.11:501][  0]LogConfig: Setting CVar [[r.AmbientOcclusionMaxQuality:100]]
[2026.09.01-04.36.11:501][  0]LogConfig: Setting CVar [[r.AmbientOcclusionLevels:-1]]
[2026.09.01-04.36.11:501][  0]LogConfig: Setting CVar [[r.AmbientOcclusionRadiusScale:1.0]]
[2026.09.01-04.36.11:501][  0]LogConfig: Setting CVar [[r.DepthOfFieldQuality:2]]
[2026.09.01-04.36.11:501][  0]LogConfig: Setting CVar [[r.RenderTargetPoolMin:400]]
[2026.09.01-04.36.11:501][  0]LogConfig: Setting CVar [[r.LensFlareQuality:2]]
[2026.09.01-04.36.11:501][  0]LogConfig: Setting CVar [[r.SceneColorFringeQuality:1]]
[2026.09.01-04.36.11:501][  0]LogConfig: Setting CVar [[r.EyeAdaptationQuality:2]]
[2026.09.01-04.36.11:501][  0]LogConfig: Setting CVar [[r.BloomQuality:5]]
[2026.09.01-04.36.11:501][  0]LogConfig: Setting CVar [[r.FastBlurThreshold:100]]
[2026.09.01-04.36.11:501][  0]LogConfig: Setting CVar [[r.Upscale.Quality:3]]
[2026.09.01-04.36.11:501][  0]LogConfig: Setting CVar [[r.Tonemapper.GrainQuantization:1]]
[2026.09.01-04.36.11:501][  0]LogConfig: Setting CVar [[r.LightShaftQuality:1]]
[2026.09.01-04.36.11:501][  0]LogConfig: Setting CVar [[r.Filter.SizeScale:1]]
[2026.09.01-04.36.11:501][  0]LogConfig: Setting CVar [[r.Tonemapper.Quality:5]]
[2026.09.01-04.36.11:501][  0]LogConfig: Setting CVar [[r.DOF.Gather.AccumulatorQuality:1        ; higher gathering accumulator quality]]
[2026.09.01-04.36.11:501][  0]LogConfig: Setting CVar [[r.DOF.Gather.PostfilterMethod:1          ; Median3x3 postfilering method]]
[2026.09.01-04.36.11:501][  0]LogConfig: Setting CVar [[r.DOF.Gather.EnableBokehSettings:0       ; no bokeh simulation when gathering]]
[2026.09.01-04.36.11:501][  0]LogConfig: Setting CVar [[r.DOF.Gather.RingCount:4                 ; medium number of samples when gathering]]
[2026.09.01-04.36.11:501][  0]LogConfig: Setting CVar [[r.DOF.Scatter.ForegroundCompositing:1    ; additive foreground scattering]]
[2026.09.01-04.36.11:501][  0]LogConfig: Setting CVar [[r.DOF.Scatter.BackgroundCompositing:2    ; additive background scattering]]
[2026.09.01-04.36.11:501][  0]LogConfig: Setting CVar [[r.DOF.Scatter.EnableBokehSettings:1      ; bokeh simulation when scattering]]
[2026.09.01-04.36.11:501][  0]LogConfig: Setting CVar [[r.DOF.Scatter.MaxSpriteRatio:0.1         ; only a maximum of 10% of scattered bokeh]]
[2026.09.01-04.36.11:501][  0]LogConfig: Setting CVar [[r.DOF.Recombine.Quality:1                ; cheap slight out of focus]]
[2026.09.01-04.36.11:501][  0]LogConfig: Setting CVar [[r.DOF.Recombine.EnableBokehSettings:0    ; no bokeh simulation on slight out of focus]]
[2026.09.01-04.36.11:501][  0]LogConfig: Setting CVar [[r.DOF.TemporalAAQuality:1                ; more stable temporal accumulation]]
[2026.09.01-04.36.11:501][  0]LogConfig: Setting CVar [[r.DOF.Kernel.MaxForegroundRadius:0.025]]
[2026.09.01-04.36.11:501][  0]LogConfig: Setting CVar [[r.DOF.Kernel.MaxBackgroundRadius:0.025]]
[2026.09.01-04.36.11:501][  0]LogConfig: Applying CVar settings from Section [TextureQuality@3] File [C:/Users/shizu/Documents/Unreal Projects/Output1_CompGraphProg/Saved/Config/Windows/Scalability.ini]
[2026.09.01-04.36.11:501][  0]LogConfig: Setting CVar [[r.Streaming.MipBias:0]]
[2026.09.01-04.36.11:501][  0]LogConfig: Setting CVar [[r.Streaming.AmortizeCPUToGPUCopy:0]]
[2026.09.01-04.36.11:501][  0]LogConfig: Setting CVar [[r.Streaming.MaxNumTexturesToStreamPerFrame:0]]
[2026.09.01-04.36.11:501][  0]LogConfig: Setting CVar [[r.Streaming.Boost:1]]
[2026.09.01-04.36.11:501][  0]LogConfig: Setting CVar [[r.MaxAnisotropy:8]]
[2026.09.01-04.36.11:501][  0]LogConfig: Setting CVar [[r.VT.MaxAnisotropy:8]]
[2026.09.01-04.36.11:501][  0]LogConfig: Setting CVar [[r.Streaming.LimitPoolSizeToVRAM:0]]
[2026.09.01-04.36.11:501][  0]LogConfig: Setting CVar [[r.Streaming.PoolSize:1000]]
[2026.09.01-04.36.11:501][  0]LogConfig: Setting CVar [[r.Streaming.MaxEffectiveScreenSize:0]]
[2026.09.01-04.36.11:501][  0]LogConfig: Applying CVar settings from Section [EffectsQuality@3] File [C:/Users/shizu/Documents/Unreal Projects/Output1_CompGraphProg/Saved/Config/Windows/Scalability.ini]
[2026.09.01-04.36.11:501][  0]LogConfig: Setting CVar [[r.TranslucencyLightingVolumeDim:64]]
[2026.09.01-04.36.11:501][  0]LogConfig: Setting CVar [[r.RefractionQuality:2]]
[2026.09.01-04.36.11:501][  0]LogConfig: Setting CVar [[r.SSR.Quality:3]]
[2026.09.01-04.36.11:501][  0]LogConfig: Setting CVar [[r.SSR.HalfResSceneColor:0]]
[2026.09.01-04.36.11:501][  0]LogConfig: Setting CVar [[r.SceneColorFormat:4]]
[2026.09.01-04.36.11:501][  0]LogConfig: Setting CVar [[r.DetailMode:2]]
[2026.09.01-04.36.11:501][  0]LogConfig: Setting CVar [[r.TranslucencyVolumeBlur:1]]
[2026.09.01-04.36.11:501][  0]LogConfig: Setting CVar [[r.MaterialQualityLevel:1 ; High quality]]
[2026.09.01-04.36.11:501][  0]LogConfig: Setting CVar [[r.AnisotropicMaterials:1]]
[2026.09.01-04.36.11:501][  0]LogConfig: Setting CVar [[r.SSS.Scale:1]]
[2026.09.01-04.36.11:501][  0]LogConfig: Setting CVar [[r.SSS.SampleSet:2]]
[2026.09.01-04.36.11:501][  0]LogConfig: Setting CVar [[r.SSS.Quality:1]]
[2026.09.01-04.36.11:501][  0]LogConfig: Setting CVar [[r.SSS.HalfRes:0]]
[2026.09.01-04.36.11:501][  0]LogConfig: Setting CVar [[r.SSGI.Quality:3]]
[2026.09.01-04.36.11:501][  0]LogConfig: Setting CVar [[r.EmitterSpawnRateScale:1.0]]
[2026.09.01-04.36.11:501][  0]LogConfig: Setting CVar [[r.ParticleLightQuality:2]]
[2026.09.01-04.36.11:501][  0]LogConfig: Setting CVar [[r.SkyAtmosphere.AerialPerspectiveLUT.FastApplyOnOpaque:1 ; Always have FastSkyLUT 1 in this case to avoid wrong sky]]
[2026.09.01-04.36.11:501][  0]LogConfig: Setting CVar [[r.SkyAtmosphere.AerialPerspectiveLUT.SampleCountMaxPerSlice:4]]
[2026.09.01-04.36.11:501][  0]LogConfig: Setting CVar [[r.SkyAtmosphere.AerialPerspectiveLUT.DepthResolution:16.0]]
[2026.09.01-04.36.11:501][  0]LogConfig: Setting CVar [[r.SkyAtmosphere.FastSkyLUT:1]]
[2026.09.01-04.36.11:501][  0]LogConfig: Setting CVar [[r.SkyAtmosphere.FastSkyLUT.SampleCountMin:4.0]]
[2026.09.01-04.36.11:501][  0]LogConfig: Setting CVar [[r.SkyAtmosphere.FastSkyLUT.SampleCountMax:128.0]]
[2026.09.01-04.36.11:501][  0]LogConfig: Setting CVar [[r.SkyAtmosphere.SampleCountMin:4.0]]
[2026.09.01-04.36.11:501][  0]LogConfig: Setting CVar [[r.SkyAtmosphere.SampleCountMax:128.0]]
[2026.09.01-04.36.11:501][  0]LogConfig: Setting CVar [[r.SkyAtmosphere.TransmittanceLUT.UseSmallFormat:0]]
[2026.09.01-04.36.11:501][  0]LogConfig: Setting CVar [[r.SkyAtmosphere.TransmittanceLUT.SampleCount:10.0]]
[2026.09.01-04.36.11:501][  0]LogConfig: Setting CVar [[r.SkyAtmosphere.MultiScatteringLUT.SampleCount:15.0]]
[2026.09.01-04.36.11:501][  0]LogConfig: Setting CVar [[r.SkyLight.RealTimeReflectionCapture:1]]
[2026.09.01-04.36.11:501][  0]LogConfig: Applying CVar settings from Section [FoliageQuality@3] File [C:/Users/shizu/Documents/Unreal Projects/Output1_CompGraphProg/Saved/Config/Windows/Scalability.ini]
[2026.09.01-04.36.11:501][  0]LogConfig: Setting CVar [[foliage.DensityScale:1.0]]
[2026.09.01-04.36.11:501][  0]LogConfig: Setting CVar [[grass.DensityScale:1.0]]
[2026.09.01-04.36.11:501][  0]LogConfig: Applying CVar settings from Section [ShadingQuality@3] File [C:/Users/shizu/Documents/Unreal Projects/Output1_CompGraphProg/Saved/Config/Windows/Scalability.ini]
[2026.09.01-04.36.11:501][  0]LogConfig: Setting CVar [[r.HairStrands.SkyLighting.IntegrationType:2]]
[2026.09.01-04.36.11:501][  0]LogConfig: Setting CVar [[r.HairStrands.SkyAO.SampleCount:4]]
[2026.09.01-04.36.11:501][  0]LogConfig: Setting CVar [[r.HairStrands.Visibility.MSAA.SamplePerPixel:4]]
[2026.09.01-04.36.11:501][  0]LogConfig: Applying CVar settings from Section [Startup] File [../../../Engine/Config/ConsoleVariables.ini]
[2026.09.01-04.36.11:510][  0]LogConfig: Setting CVar [[net.UseAdaptiveNetUpdateFrequency:0]]
[2026.09.01-04.36.11:510][  0]LogConfig: Setting CVar [[p.chaos.AllowCreatePhysxBodies:1]]
[2026.09.01-04.36.11:510][  0]LogConfig: Setting CVar [[fx.SkipVectorVMBackendOptimizations:1]]
[2026.09.01-04.36.11:510][  0]LogConfig: Applying CVar settings from Section [ConsoleVariables] File [C:/Users/shizu/Documents/Unreal Projects/Output1_CompGraphProg/Saved/Config/Windows/Engine.ini]
[2026.09.01-04.36.11:510][  0]LogConfig: Applying CVar settings from Section [ConsoleVariables] File [C:/Users/shizu/Documents/Unreal Projects/Output1_CompGraphProg/Saved/Config/Windows/Editor.ini]
[2026.09.01-04.36.11:511][  0]LogInit: Computer: HANADAREEL
[2026.09.01-04.36.11:511][  0]LogInit: User: shizu
[2026.09.01-04.36.11:511][  0]LogInit: CPU Page size=4096, Cores=8
[2026.09.01-04.36.11:511][  0]LogInit: High frequency timer resolution =10.000000 MHz
[2026.09.01-04.36.11:511][  0]LogMemory: Memory total: Physical=15.3GB (16GB approx)
[2026.09.01-04.36.11:511][  0]LogMemory: Platform Memory Stats for Windows
[2026.09.01-04.36.11:511][  0]LogMemory: Process Physical Memory: 153.03 MB used, 153.03 MB peak
[2026.09.01-04.36.11:511][  0]LogMemory: Process Virtual Memory: 129.45 MB used, 129.45 MB peak
[2026.09.01-04.36.11:511][  0]LogMemory: Physical Memory: 9649.30 MB used,  6014.22 MB free, 15663.52 MB total
[2026.09.01-04.36.11:511][  0]LogMemory: Virtual Memory: 134203968.00 MB used,  13756.42 MB free, 134217728.00 MB total
[2026.09.01-04.36.11:517][  0]LogWindows: WindowsPlatformFeatures enabled
[2026.09.01-04.36.11:605][  0]LogInit: Physics initialised using underlying interface: PhysX
[2026.09.01-04.36.11:632][  0]LogInit: Using OS detected language (en-US).
[2026.09.01-04.36.11:632][  0]LogInit: Using OS detected locale (en-US).
[2026.09.01-04.36.11:651][  0]LogTextLocalizationManager: No specific localization for 'en-US' exists, so the 'en' localization will be used.
[2026.09.01-04.36.11:965][  0]LogInit: Setting process to per monitor DPI aware
[2026.09.01-04.36.11:999][  0]LogWindowsTextInputMethodSystem: Display: IME system deactivated.
[2026.09.01-04.36.12:063][  0]LogSlate: New Slate User Created.  User Index 0, Is Virtual User: 0
[2026.09.01-04.36.12:063][  0]LogSlate: Slate User Registered.  User Index 0, Is Virtual User: 0
[2026.09.01-04.36.15:966][  0]LogD3D11RHI: Loaded GFSDK_Aftermath_Lib.x64.dll
[2026.09.01-04.36.16:034][  0]LogHMD: Failed to initialize OpenVR with code 110
[2026.09.01-04.36.16:034][  0]LogD3D11RHI: D3D11 min allowed feature level: 11_0
[2026.09.01-04.36.16:034][  0]LogD3D11RHI: D3D11 max allowed feature level: 11_0
[2026.09.01-04.36.16:034][  0]LogD3D11RHI: D3D11 adapters:
[2026.09.01-04.36.16:102][  0]LogD3D11RHI:    0. 'AMD Radeon(TM) Graphics' (Feature Level 11_0)
[2026.09.01-04.36.16:102][  0]LogD3D11RHI:       495/0/7831 MB DedicatedVideo/DedicatedSystem/SharedSystem, Outputs:1, VendorId:0x1002
[2026.09.01-04.36.16:108][  0]LogD3D11RHI:    1. 'Microsoft Basic Render Driver' (Feature Level 11_0)
[2026.09.01-04.36.16:108][  0]LogD3D11RHI:       0/0/7831 MB DedicatedVideo/DedicatedSystem/SharedSystem, Outputs:0, VendorId:0x1414
[2026.09.01-04.36.16:108][  0]LogD3D11RHI: Chosen D3D11 Adapter:
[2026.09.01-04.36.16:108][  0]LogD3D11RHI:     Description : AMD Radeon(TM) Graphics
[2026.09.01-04.36.16:108][  0]LogD3D11RHI:     VendorId    : 1002
[2026.09.01-04.36.16:108][  0]LogD3D11RHI:     DeviceId    : 1638
[2026.09.01-04.36.16:108][  0]LogD3D11RHI:     SubSysId    : 88091043
[2026.09.01-04.36.16:108][  0]LogD3D11RHI:     Revision    : 00c8
[2026.09.01-04.36.16:108][  0]LogD3D11RHI:     DedicatedVideoMemory : 519847936 bytes
[2026.09.01-04.36.16:108][  0]LogD3D11RHI:     DedicatedSystemMemory : 0 bytes
[2026.09.01-04.36.16:108][  0]LogD3D11RHI:     SharedSystemMemory : 8212195328 bytes
[2026.09.01-04.36.16:108][  0]LogD3D11RHI:     AdapterLuid : 0 41364
[2026.09.01-04.36.16:113][  0]LogD3D11RHI: Creating new Direct3DDevice
[2026.09.01-04.36.16:113][  0]LogD3D11RHI:     GPU DeviceId: 0x1638 (for the marketing name, search the web for "GPU Device Id")
[2026.09.01-04.36.16:113][  0]LogWindows: EnumDisplayDevices:
[2026.09.01-04.36.16:114][  0]LogWindows:    0. 'AMD Radeon(TM) Graphics' (P:1 D:1)
[2026.09.01-04.36.16:114][  0]LogWindows:    1. 'AMD Radeon(TM) Graphics' (P:0 D:0)
[2026.09.01-04.36.16:114][  0]LogWindows:    2. 'AMD Radeon(TM) Graphics' (P:0 D:0)
[2026.09.01-04.36.16:114][  0]LogWindows:    3. 'AMD Radeon(TM) Graphics' (P:0 D:0)
[2026.09.01-04.36.16:115][  0]LogWindows:    4. 'AMD Radeon(TM) Graphics' (P:0 D:0)
[2026.09.01-04.36.16:115][  0]LogWindows: DebugString: FoundDriverCount:5 
[2026.09.01-04.36.16:115][  0]LogD3D11RHI:     Adapter Name: AMD Radeon(TM) Graphics
[2026.09.01-04.36.16:115][  0]LogD3D11RHI:   Driver Version: AMD Software: Adrenalin Edition 25.8.1 (internal:31.0.21923.11000, unified:31.0.21923.11000)
[2026.09.01-04.36.16:115][  0]LogD3D11RHI:      Driver Date: 7-1-2025
[2026.09.01-04.36.16:115][  0]LogRHI: Texture pool is 5358 MB (70% of 7655 MB)
[2026.09.01-04.36.16:159][  0]LogD3D11RHI: Creating D3DDevice with AMD AGS, using adapter:
[2026.09.01-04.36.16:159][  0]LogD3D11RHI:     Description : AMD Radeon(TM) Graphics
[2026.09.01-04.36.16:159][  0]LogD3D11RHI:     VendorId    : 1002
[2026.09.01-04.36.16:159][  0]LogD3D11RHI:     DeviceId    : 1638
[2026.09.01-04.36.16:159][  0]LogD3D11RHI:     SubSysId    : 88091043
[2026.09.01-04.36.16:159][  0]LogD3D11RHI:     Revision    : 00c8
[2026.09.01-04.36.16:159][  0]LogD3D11RHI:     DedicatedVideoMemory : 519847936 bytes
[2026.09.01-04.36.16:159][  0]LogD3D11RHI:     DedicatedSystemMemory : 0 bytes
[2026.09.01-04.36.16:159][  0]LogD3D11RHI:     SharedSystemMemory : 8212195328 bytes
[2026.09.01-04.36.16:159][  0]LogD3D11RHI:     AdapterLuid : 0 41364
[2026.09.01-04.36.16:219][  0]LogD3D11RHI: Created device via AGS, feature level 11_0, supported extensions 1fffffbf.
[2026.09.01-04.36.16:219][  0]LogD3D11RHI: RHI has support for 64 bit atomics
[2026.09.01-04.36.16:219][  0]LogD3D11RHI: Async texture creation enabled
[2026.09.01-04.36.16:219][  0]LogD3D11RHI: Array index from any shader is supported
[2026.09.01-04.36.16:255][  0]LogD3D11RHI: GPU Timing Frequency: 100.000000 (Debug: 2 1)
[2026.09.01-04.36.16:601][  0]LogTargetPlatformManager: Display: Loaded TargetPlatform 'AllDesktop'
[2026.09.01-04.36.16:622][  0]LogTargetPlatformManager: Display: Loaded TargetPlatform 'Android'
[2026.09.01-04.36.16:622][  0]LogTargetPlatformManager: Display: Loaded TargetPlatform 'Android_ASTC'
[2026.09.01-04.36.16:622][  0]LogTargetPlatformManager: Display: Loaded TargetPlatform 'Android_DXT'
[2026.09.01-04.36.16:622][  0]LogTargetPlatformManager: Display: Loaded TargetPlatform 'Android_ETC2'
[2026.09.01-04.36.16:622][  0]LogTargetPlatformManager: Display: Loaded TargetPlatform 'AndroidClient'
[2026.09.01-04.36.16:622][  0]LogTargetPlatformManager: Display: Loaded TargetPlatform 'Android_ASTCClient'
[2026.09.01-04.36.16:622][  0]LogTargetPlatformManager: Display: Loaded TargetPlatform 'Android_DXTClient'
[2026.09.01-04.36.16:622][  0]LogTargetPlatformManager: Display: Loaded TargetPlatform 'Android_ETC2Client'
[2026.09.01-04.36.16:622][  0]LogTargetPlatformManager: Display: Loaded TargetPlatform 'Android_Multi'
[2026.09.01-04.36.16:622][  0]LogTargetPlatformManager: Display: Loaded TargetPlatform 'Android_MultiClient'
[2026.09.01-04.36.16:642][  0]LogTargetPlatformManager: Display: Loaded TargetPlatform 'IOSClient'
[2026.09.01-04.36.16:642][  0]LogTargetPlatformManager: Display: Loaded TargetPlatform 'IOS'
[2026.09.01-04.36.16:663][  0]LogTargetPlatformManager: Display: Loaded TargetPlatform 'Linux'
[2026.09.01-04.36.16:669][  0]LogTargetPlatformManager: Display: Loaded TargetPlatform 'LinuxNoEditor'
[2026.09.01-04.36.16:673][  0]LogTargetPlatformManager: Display: Loaded TargetPlatform 'LinuxClient'
[2026.09.01-04.36.16:678][  0]LogTargetPlatformManager: Display: Loaded TargetPlatform 'LinuxServer'
[2026.09.01-04.36.16:695][  0]LogTargetPlatformManager: Display: Loaded TargetPlatform 'LinuxAArch64NoEditor'
[2026.09.01-04.36.16:699][  0]LogTargetPlatformManager: Display: Loaded TargetPlatform 'LinuxAArch64Client'
[2026.09.01-04.36.16:704][  0]LogTargetPlatformManager: Display: Loaded TargetPlatform 'LinuxAArch64Server'
[2026.09.01-04.36.16:731][  0]LogTargetPlatformManager: Display: Loaded TargetPlatform 'Lumin'
[2026.09.01-04.36.16:731][  0]LogTargetPlatformManager: Display: Loaded TargetPlatform 'LuminClient'
[2026.09.01-04.36.16:754][  0]LogTargetPlatformManager: Display: Loaded TargetPlatform 'MacNoEditor'
[2026.09.01-04.36.16:758][  0]LogTargetPlatformManager: Display: Loaded TargetPlatform 'Mac'
[2026.09.01-04.36.16:763][  0]LogTargetPlatformManager: Display: Loaded TargetPlatform 'MacClient'
[2026.09.01-04.36.16:767][  0]LogTargetPlatformManager: Display: Loaded TargetPlatform 'MacServer'
[2026.09.01-04.36.16:776][  0]LogTargetPlatformManager: Display: Loaded TargetPlatform 'TVOSClient'
[2026.09.01-04.36.16:776][  0]LogTargetPlatformManager: Display: Loaded TargetPlatform 'TVOS'
[2026.09.01-04.36.16:786][  0]LogTargetPlatformManager: Display: Loaded TargetPlatform 'WindowsNoEditor'
[2026.09.01-04.36.16:791][  0]LogTargetPlatformManager: Display: Loaded TargetPlatform 'Windows'
[2026.09.01-04.36.16:797][  0]LogTargetPlatformManager: Display: Loaded TargetPlatform 'WindowsClient'
[2026.09.01-04.36.16:802][  0]LogTargetPlatformManager: Display: Loaded TargetPlatform 'WindowsServer'
[2026.09.01-04.36.16:802][  0]LogTargetPlatformManager: Display: Building Assets For Windows
[2026.09.01-04.36.16:814][  0]LogAudioDebug: Display: Lib vorbis DLL was dynamically loaded.
[2026.09.01-04.36.16:864][  0]LogTextureFormatOodle: Display: Oodle Texture 2.9.0 init RDO Off
[2026.09.01-04.36.16:949][  0]LogRendererCore: Ray tracing is disabled. Reason: r.RayTracing=0.
[2026.09.01-04.36.16:950][  0]LogShaderCompilers: Guid format shader working directory is -32 characters bigger than the processId version (../../../../../../Users/shizu/Documents/Unreal Projects/Output1_CompGraphProg/Intermediate/Shaders/WorkingDirectory/14896/).
[2026.09.01-04.36.16:950][  0]LogShaderCompilers: Cleaned the shader compiler working directory 'C:/Users/shizu/AppData/Local/Temp/UnrealShaderWorkingDir/BC1C5C284DBCAA49E1F796AF852E8B5F/'.
[2026.09.01-04.36.16:952][  0]LogXGEController: Cannot use XGE Controller as Incredibuild is not installed on this machine.
[2026.09.01-04.36.16:952][  0]LogShaderCompilers: Cannot use XGE Shader Compiler as Incredibuild is not installed on this machine.
[2026.09.01-04.36.16:952][  0]LogShaderCompilers: Display: Using Local Shader Compiler.
[2026.09.01-04.36.21:391][  0]LogDerivedDataCache: Display: Max Cache Size: 512 MB
[2026.09.01-04.36.21:616][  0]LogDerivedDataCache: Loaded boot cache 0.22s 94MB C:/Users/shizu/AppData/Local/UnrealEngine/4.27/DerivedDataCache/Boot.ddc.
[2026.09.01-04.36.21:616][  0]LogDerivedDataCache: Display: Loaded Boot cache: C:/Users/shizu/AppData/Local/UnrealEngine/4.27/DerivedDataCache/Boot.ddc
[2026.09.01-04.36.21:616][  0]LogDerivedDataCache: FDerivedDataBackendGraph:  Pak pak cache file ../../../../../../Users/shizu/Documents/Unreal Projects/Output1_CompGraphProg/DerivedDataCache/DDC.ddp not found, will not use a pak cache.
[2026.09.01-04.36.21:616][  0]LogDerivedDataCache: Unable to find inner node Pak for hierarchical cache Hierarchy.
[2026.09.01-04.36.21:616][  0]LogDerivedDataCache: FDerivedDataBackendGraph:  CompressedPak pak cache file ../../../../../../Users/shizu/Documents/Unreal Projects/Output1_CompGraphProg/DerivedDataCache/Compressed.ddp not found, will not use a pak cache.
[2026.09.01-04.36.21:616][  0]LogDerivedDataCache: Unable to find inner node CompressedPak for hierarchical cache Hierarchy.
[2026.09.01-04.36.21:645][  0]LogDerivedDataCache: Display: Pak cache opened for reading ../../../Engine/DerivedDataCache/Compressed.ddp.
[2026.09.01-04.36.21:645][  0]LogDerivedDataCache: FDerivedDataBackendGraph:  EnterprisePak pak cache file ../../../Enterprise/DerivedDataCache/Compressed.ddp not found, will not use a pak cache.
[2026.09.01-04.36.21:645][  0]LogDerivedDataCache: Unable to find inner node EnterprisePak for hierarchical cache Hierarchy.
[2026.09.01-04.36.21:721][  0]LogDerivedDataCache: Speed tests for C:/Users/shizu/AppData/Local/UnrealEngine/Common/DerivedDataCache took 0.07 seconds
[2026.09.01-04.36.21:721][  0]LogDerivedDataCache: Display: Performance to C:/Users/shizu/AppData/Local/UnrealEngine/Common/DerivedDataCache: Latency=0.24ms. RandomReadSpeed=14.50MBs, RandomWriteSpeed=120.71MBs. Assigned SpeedClass 'Local'
[2026.09.01-04.36.21:722][  0]LogDerivedDataCache: Using Local data cache path C:/Users/shizu/AppData/Local/UnrealEngine/Common/DerivedDataCache: Writable
[2026.09.01-04.36.21:722][  0]LogDerivedDataCache: Shared data cache path not found in *engine.ini, will not use an Shared cache.
[2026.09.01-04.36.21:722][  0]LogDerivedDataCache: Unable to find inner node Shared for hierarchical cache Hierarchy.
[2026.09.01-04.36.21:773][  0]LogSlate: Using FreeType 2.10.0
[2026.09.01-04.36.21:802][  0]LogSlate: SlateFontServices - WITH_FREETYPE: 1, WITH_HARFBUZZ: 1
[2026.09.01-04.36.21:836][  0]LogAssetRegistry: FAssetRegistry took 0.0049 seconds to start up
[2026.09.01-04.36.22:370][  0]LogInit: Selected Device Profile: [Windows]
[2026.09.01-04.36.22:370][  0]LogInit: Active device profile: [000001A98A7D2C00][000001A986B12E40 49] Windows
[2026.09.01-04.36.22:370][  0]LogInit: Profiles: [000001A98A7D2C00][000001A986B12E40 49] Windows, [000001A98A771E00][000001A986B16FC0 49] WindowsNoEditor, [000001A98A7D0800][000001A9887E5140 49] WindowsServer, [000001A98A771000][000001A9887E92C0 49] WindowsClient, [000001A98A7D1600][000001A9887ED440 49] IOS, [000001A98A773100][000001A9887F15C0 49] iPadAir, [000001A98A7D1100][000001A9887F5740 49] iPadAir2, [000001A98A70D300][000001A9887FDA00 49] IPadPro, [000001A98A70D400][000001A9887F9A40 49] iPadAir3, [000001A98A773A00][000001A988801BC0 49] iPadAir4, [000001A98A70E200][000001A9888041C0 49] iPadMini2, [000001A98A771600][000001A988808340 49] iPadMini3, [000001A98A70EE00][000001A98880C4C0 49] iPadMini4, [000001A98A772000][000001A988810640 49] iPadMini5, [000001A98A73CD00][000001A988818900 49] iPhone6, [000001A98A73CE00][000001A988814940 49] iPodTouch6, [000001A98A7D1B00][000001A986CCCBC0 49] iPhone7, [000001A98A7D1A00][000001A98881CC00 49] iPodTouch7, [000001A98A70D800][000001A988820D40 49] iPhone5S, [000001A98A70DB00][000001A988824E80 49] iPhone6Plus, [000001A98A73FE00][000001A988828FC0 49] iPhone6S, [000001A98A70C700][000001A988831140 49] iPhone6SPlus, [000001A98A73F300][000001A9888352C0 49] iPhone7Plus, [000001A98A70D100][000001A988839440 49] iPhoneSE, [000001A98A73C500][000001A98883D5C0 49] iPhone8, [000001A98A70C400][000001A988841740 49] iPhone8Plus, [000001A98A73D000][000001A9888458C0 49] iPhoneX, [000001A98A70DD00][000001A988849A40 49] iPhoneXS, [000001A98A73E300][000001A98884DBC0 49] iPhoneXSMax, [000001A98A70DF00][000001A9888501C0 49] iPhoneXR, [000001A98A73E600][000001A988854340 49] iPhone11, [000001A98A7D2A00][000001A9888584C0 49] iPhone11Pro, [000001A98A73F900][000001A98885C640 49] iPhone11ProMax, [000001A98A7D2500][000001A9888607C0 49] iPhoneSE2, [000001A98A73C300][000001A988864940 49] iPhone12Mini, [000001A98A7D3700][000001A988868AC0 49] iPhone12, [000001A98A73ED00][000001A98886CC40 49] iPhone12Pro, [000001A98A7D0C00][000001A98882CD80 49] iPhone12ProMax, [000001A98A73D200][000001A988870EC0 49] iPadPro105, [000001A98A7D1D00][000001A988875000 49] iPadPro129, [000001A98A73EA00][000001A988879140 49] iPadPro97, [000001A98A7D3500][000001A9888812C0 49] iPadPro2_129, [000001A98A73FD00][000001A988885440 49] iPad5, [000001A98A7D3B00][000001A9888895C0 49] iPad6, [000001A98A73DE00][000001A98888D740 49] iPad7, [000001A98A7D2F00][000001A9891C38C0 49] iPad8, [000001A98A73F800][000001A9891C7A40 49] iPadPro11, [000001A98A7D3E00][000001A9891CBBC0 49] iPadPro2_11, [000001A98A73C200][000001A9891CE1C0 49] iPadPro3_129, [000001A98A7D3000][000001A9891D2340 49] iPadPro4_129, [000001A98A73F200][000001A9891D64C0 49] AppleTV, [000001A98A7D3800][000001A9891DA640 49] AppleTV4K, [000001A98A73DC00][000001A9891DE7C0 49] TVOS, [000001A98A7D2900][000001A9891E2940 49] Mac, [000001A98A73CB00][000001A9891E6AC0 49] MacClient, [000001A98A7D1500][000001A9891EAC40 49] MacNoEditor, [000001A98A73EC00][000001A9891EEDC0 49] MacServer, [000001A98A7D2200][000001A9891F2F40 49] Linux, [000001A98A73F500][000001A98887D080 49] LinuxAArch64, [000001A98A7D0F00][000001A9891F71C0 49] LinuxNoEditor, [000001A98A73C400][000001A9891FB300 49] LinuxAArch64NoEditor, [000001A98A7D2700][000001A989203480 49] LinuxClient, [000001A98A73EE00][000001A989207600 49] LinuxAArch64Client, [000001A98A7D1200][000001A98920B780 49] LinuxServer, [000001A98A73D800][000001A98920F900 49] LinuxAArch64Server, [000001A98A7D2000][000001A989213A80 49] Android, [000001A98A73D300][000001A989217C00 49] Android_Low, [000001A98A7D0300][000001A98921A200 49] Android_Mid, [000001A98A73FC00][000001A98921E380 49] Android_High, [000001A98A7D1300][000001A989222500 49] Android_Default, [000001A98A73DA00][000001A989226680 49] Android_Adreno4xx, [000001A98A7D0D00][000001A98922A800 49] Android_Adreno5xx_Low, [000001A98A73DD00][000001A98922E980 49] Android_Adreno5xx, [000001A98A7D1900][000001A989232B00 49] Android_Adreno6xx, [000001A98A73EF00][000001A989236C80 49] Android_Adreno6xx_Vulkan, [000001A98A70FB00][000001A98923AE00 49] Android_Mali_T6xx, [000001A98A771800][000001A98923EF80 49] Android_Mali_T7xx, [000001A98A70F700][000001A989243100 49] Android_Mali_T8xx, [000001A98A772E00][000001A9891FF240 49] Android_Mali_G71, [000001A98A70DA00][000001A989247380 49] Android_Mali_G72, [000001A98A772200][000001A98924B4C0 49] Android_Mali_G72_Vulkan, [000001A98A70C800][000001A989253640 49] Android_Mali_G76, [000001A98A773F00][000001A9892577C0 49] Android_Mali_G76_Vulkan, [000001A98A70E000][000001A98925B940 49] Android_Mali_G77, [000001A98A773400][000001A98925FAC0 49] Android_Mali_G77_Vulkan, [000001A98A70CF00][000001A9892620C0 49] Android_Mali_G78, [000001A98A772D00][000001A989266240 49] Android_Mali_G78_Vulkan, [000001A98A70C600][000001A98926A3C0 49] Android_Mali_G710, [000001A98A771300][000001A98926E540 49] Android_Mali_G710_Vulkan, [000001A98A70FA00][000001A9892726C0 49] Android_Vulkan_SM5, [000001A98A770700][000001A989276840 49] Android_PowerVR_G6xxx, [000001A98A70D200][000001A98927A9C0 49] Android_PowerVR_GT7xxx, [000001A98A770300][000001A98927EB40 49] Android_PowerVR_GE8xxx, [000001A98A70E300][000001A989282CC0 49] Android_PowerVR_GM9xxx, [000001A98A772100][000001A989286E40 49] Android_PowerVR_GM9xxx_Vulkan, [000001A98A70EA00][000001A98928AFC0 49] Android_TegraK1, [000001A98A771C00][000001A98928F140 49] Android_Unknown_Vulkan, [000001A98A70E100][000001A9892932C0 49] Lumin, [000001A98A773B00][000001A98924F400 49] Lumin_Desktop, [000001A98A70DC00][000001A989297540 49] HoloLens, 
[2026.09.01-04.36.22:771][  0]LogMeshReduction: Using QuadricMeshReduction for automatic static mesh reduction
[2026.09.01-04.36.22:771][  0]LogMeshReduction: Using SimplygonMeshReduction for automatic skeletal mesh reduction
[2026.09.01-04.36.22:771][  0]LogMeshReduction: Using ProxyLODMeshReduction for automatic mesh merging
[2026.09.01-04.36.22:771][  0]LogMeshReduction: No distributed automatic mesh merging module available
[2026.09.01-04.36.22:772][  0]LogMeshMerging: No distributed automatic mesh merging module available
[2026.09.01-04.36.22:910][  0]LogNetVersion: Output1 1.0.0, NetCL: 17155196, EngineNetVer: 17, GameNetVer: 0 (Checksum: 4122183775)
[2026.09.01-04.36.24:955][  0]LogTexture: Default maximum texture size for cubemaps generated from long-lat sources has been changed from 512 to unlimited. In order to preserve old behaiour for '/Engine/MapTemplates/Sky/DaylightAmbientCubemap.DaylightAmbientCubemap', its maximum texture size has been explicitly set to 512.
[2026.09.01-04.36.25:114][  0]LogHMD: PokeAHoleMaterial loaded successfully
[2026.09.01-04.36.25:123][  0]LogUObjectArray: 17178 objects as part of root set at end of initial load.
[2026.09.01-04.36.25:123][  0]LogUObjectAllocator: 4302048 out of 0 bytes used by permanent object pool.
[2026.09.01-04.36.25:123][  0]LogUObjectArray: CloseDisregardForGC: 0/0 objects in disregard for GC pool
[2026.09.01-04.36.25:805][  0]LogNiagaraDebuggerClient: Niagara Debugger Client Initialized | Session: 0A9E6F6E4C1EBAB74D80D9BA96814A6C | Instance: 22A5EC274DB7A10AE1683C928CDFD909 (HANADAREEL-14896).
[2026.09.01-04.36.26:084][  0]LogTcpMessaging: Initializing TcpMessaging bridge
[2026.09.01-04.36.26:091][  0]LogUdpMessaging: Initializing bridge on interface 0.0.0.0:0 to multicast group 230.0.0.1:6666.
[2026.09.01-04.36.26:484][  0]LogPython: Using Python 3.7.7
[2026.09.01-04.36.27:583][  0]SourceControl: Source control is disabled
[2026.09.01-04.36.27:583][  0]SourceControl: Source control is disabled
[2026.09.01-04.36.27:595][  0]SourceControl: Source control is disabled
[2026.09.01-04.36.27:599][  0]SourceControl: Source control is disabled
[2026.09.01-04.36.27:620][  0]SourceControl: Source control is disabled
[2026.09.01-04.36.27:673][  0]LogUProjectInfo: Found projects:
[2026.09.01-04.36.28:109][  0]LogOpenImageDenoise: OIDN starting up
[2026.09.01-04.36.28:124][  0]LogAndroidPermission: UAndroidPermissionCallbackProxy::GetInstance
[2026.09.01-04.36.28:138][  0]LogAudioCaptureCore: Display: No Audio Capture implementations found. Audio input will be silent.
[2026.09.01-04.36.28:138][  0]LogAudioCaptureCore: Display: No Audio Capture implementations found. Audio input will be silent.
[2026.09.01-04.36.28:556][  0]LogCollectionManager: Loaded 0 collections in 0.001395 seconds
[2026.09.01-04.36.28:618][  0]LogFileCache: Scanning file cache for directory 'C:/Users/shizu/Documents/Unreal Projects/Output1_CompGraphProg/Saved/Collections/' took 0.00s
[2026.09.01-04.36.28:618][  0]LogFileCache: Scanning file cache for directory 'C:/Users/shizu/Documents/Unreal Projects/Output1_CompGraphProg/Content/Developers/shizu/Collections/' took 0.00s
[2026.09.01-04.36.28:618][  0]LogFileCache: Scanning file cache for directory 'C:/Users/shizu/Documents/Unreal Projects/Output1_CompGraphProg/Content/Collections/' took 0.00s
[2026.09.01-04.36.28:618][  0]LogOcInput: OculusInput pre-init called
[2026.09.01-04.36.29:046][  0]LogEngine: Initializing Engine...
[2026.09.01-04.36.29:060][  0]LogHMD: Failed to enumerate extensions. Please check that you have a valid OpenXR runtime installed.
[2026.09.01-04.36.29:061][  0]LogHMD: Failed to initialize OpenVR with code 110
[2026.09.01-04.36.29:061][  0]LogMagicLeap: Warning: VR disabled because ZI is not enabled.  To enable, in the editor, Edit -> Project Settings -> Plugins -> Magic Leap Plugin -> Enable Zero Iteration
[2026.09.01-04.36.29:066][  0]LogStats: UGameplayTagsManager::InitializeManager -  0.001 s
[2026.09.01-04.36.29:458][  0]LogInit: Initializing FReadOnlyCVARCache
[2026.09.01-04.36.29:510][  0]LogAIModule: Creating AISystem for world Untitled
[2026.09.01-04.36.29:521][  0]LogAudio: Display: Initializing Audio Device Manager...
[2026.09.01-04.36.29:526][  0]LogAudio: Display: Loading Default Audio Settings Objects...
[2026.09.01-04.36.29:534][  0]LogAudio: Display: No default SoundConcurrencyObject specified (or failed to load).
[2026.09.01-04.36.29:536][  0]LogAudio: Display: Audio Device Manager Initialized
[2026.09.01-04.36.29:536][  0]LogAudio: Display: Creating Audio Device:                 Id: 1, Scope: Shared, Realtime: True
[2026.09.01-04.36.29:537][  0]LogAudioMixer: Display: Audio Mixer Platform Settings:
[2026.09.01-04.36.29:537][  0]LogAudioMixer: Display: 	Sample Rate:						  48000
[2026.09.01-04.36.29:537][  0]LogAudioMixer: Display: 	Callback Buffer Frame Size Requested: 1024
[2026.09.01-04.36.29:537][  0]LogAudioMixer: Display: 	Callback Buffer Frame Size To Use:	  1024
[2026.09.01-04.36.29:537][  0]LogAudioMixer: Display: 	Number of buffers to queue:			  2
[2026.09.01-04.36.29:537][  0]LogAudioMixer: Display: 	Max Channels (voices):				  32
[2026.09.01-04.36.29:537][  0]LogAudioMixer: Display: 	Number of Async Source Workers:		  0
[2026.09.01-04.36.29:537][  0]LogAudio: Display: AudioDevice MaxSources: 32
[2026.09.01-04.36.29:539][  0]LogAudio: Display: Audio Spatialization Plugin: None (built-in).
[2026.09.01-04.36.29:539][  0]LogAudio: Display: Audio Reverb Plugin: None (built-in).
[2026.09.01-04.36.29:539][  0]LogAudio: Display: Audio Occlusion Plugin: None (built-in).
[2026.09.01-04.36.29:539][  0]LogAudioMixer: Display: Initializing audio mixer.
[2026.09.01-04.36.29:559][  0]LogAudioMixer: Display: 0: FrontLeft
[2026.09.01-04.36.29:559][  0]LogAudioMixer: Display: 1: FrontRight
[2026.09.01-04.36.29:637][  0]LogAudioMixer: Display: Using Audio Device Speakers (Redragon Gaming Headset)
[2026.09.01-04.36.29:639][  0]LogAudioMixer: Display: Initializing Sound Submixes...
[2026.09.01-04.36.29:674][  0]LogAudioMixer: Display: Creating Master Submix 'MasterSubmixDefault'
[2026.09.01-04.36.29:674][  0]LogAudioMixer: Display: Creating Master Submix 'MasterReverbSubmixDefault'
[2026.09.01-04.36.29:676][  0]LogAudioMixer: Display: Creating Master Submix 'MasterEQSubmixDefault'
[2026.09.01-04.36.29:676][  0]LogAudioMixer: FMixerPlatformXAudio2::StartAudioStream() called
[2026.09.01-04.36.29:676][  0]LogAudioMixer: Display: Output buffers initialized: Frames=1024, Channels=2, Samples=2048
[2026.09.01-04.36.29:677][  0]LogAudioMixer: Display: Starting AudioMixerPlatformInterface::RunInternal()
[2026.09.01-04.36.29:677][  0]LogAudioMixer: Display: FMixerPlatformXAudio2::SubmitBuffer() called for the first time
[2026.09.01-04.36.29:677][  0]LogInit: FAudioDevice initialized.
[2026.09.01-04.36.29:678][  0]LogAudio: Display: Audio Device (ID: 1) registered with world 'Untitled'.
[2026.09.01-04.36.29:679][  0]LogNetVersion: Set ProjectVersion to 1.0.0.0. Version Checksum will be recalculated on next use.
[2026.09.01-04.36.29:721][  0]LogDerivedDataCache: Saved boot cache 0.04s 94MB C:/Users/shizu/AppData/Local/UnrealEngine/4.27/DerivedDataCache/Boot.ddc.
[2026.09.01-04.36.29:821][  0]LogInit: Texture streaming: Enabled
[2026.09.01-04.36.29:855][  0]LogAnalytics: Display: [UEEditor.Rocket.Release] APIServer = https://datarouter.ol.epicgames.com/. AppVersion = 4.27.2-18319896+++UE4+Release-4.27
[2026.09.01-04.36.29:861][  0]LogEngineSessionManager: EngineSessionManager initialized
[2026.09.01-04.36.29:861][  0]LogEditorSessionSummary: Verbose: Initializing EditorSessionSummaryWriter for editor session tracking
[2026.09.01-04.36.29:864][  0]LogEditorSessionSummary: EditorSessionSummaryWriter initialized
[2026.09.01-04.36.30:087][  0]LogInit: Transaction tracking system initialized
[2026.09.01-04.36.30:134][  0]BlueprintLog: New page: Editor Load
[2026.09.01-04.36.30:287][  0]LocalizationService: Localization service is disabled
[2026.09.01-04.36.30:403][  0]TimingProfiler: Initialize
[2026.09.01-04.36.30:404][  0]TimingProfiler: OnSessionChanged
[2026.09.01-04.36.30:405][  0]LoadingProfiler: Initialize
[2026.09.01-04.36.30:406][  0]LoadingProfiler: OnSessionChanged
[2026.09.01-04.36.30:406][  0]NetworkingProfiler: Initialize
[2026.09.01-04.36.30:406][  0]NetworkingProfiler: OnSessionChanged
[2026.09.01-04.36.30:406][  0]MemoryProfiler: Initialize
[2026.09.01-04.36.30:406][  0]MemoryProfiler: OnSessionChanged
[2026.09.01-04.36.31:066][  0]LogCook: Display: CookSettings for Memory: MemoryMaxUsedVirtual 0MiB, MemoryMaxUsedPhysical 16384MiB, MemoryMinFreeVirtual 0MiB, MemoryMinFreePhysical 1024MiB
[2026.09.01-04.36.31:066][  0]LogCook: Display: Mobile HDR setting 1
[2026.09.01-04.36.31:464][  0]LogFileCache: Scanning file cache for directory 'C:/Users/shizu/Documents/Unreal Projects/Output1_CompGraphProg/Content/' took 0.04s
[2026.09.01-04.36.31:646][  0]LogInit: Display: Engine is initialized. Leaving FEngineLoop::Init()
[2026.09.01-04.36.31:658][  0]SourceControl: Source control is disabled
[2026.09.01-04.36.31:659][  0]LogUnrealEdMisc: Loading editor; pre map load, took 24.006
[2026.09.01-04.36.31:662][  0]Cmd: MAP LOAD FILE="../../../../../../Users/shizu/Documents/Unreal Projects/Output1_CompGraphProg/Content/StarterContent/Maps/Minimal_Default.umap" TEMPLATE=0 SHOWPROGRESS=1 FEATURELEVEL=3
[2026.09.01-04.36.31:663][  0]LightingResults: New page: Lighting Build
[2026.09.01-04.36.31:678][  0]LogWorld: UWorld::CleanupWorld for Untitled, bSessionEnded=true, bCleanupResources=true
[2026.09.01-04.36.31:681][  0]LogSlate: InvalidateAllWidgets triggered.  All widgets were invalidated
[2026.09.01-04.36.31:694][  0]MapCheck: New page: Map Check
[2026.09.01-04.36.31:694][  0]LightingResults: New page: Lighting Build
[2026.09.01-04.36.31:855][  0]LogAudio: Display: Audio Device unregistered from world 'None'.
[2026.09.01-04.36.31:899][  0]LogUObjectHash: Compacting FUObjectHashTables data took   1.02ms
[2026.09.01-04.36.33:779][  0]LogAudio: Display: Audio Device (ID: 1) registered with world 'Minimal_Default'.
[2026.09.01-04.36.33:780][  0]LogAIModule: Creating AISystem for world Minimal_Default
[2026.09.01-04.36.34:514][  0]LogEditorServer: Finished looking for orphan Actors (0.000 secs)
[2026.09.01-04.36.34:563][  0]LogUObjectHash: Compacting FUObjectHashTables data took   0.76ms
[2026.09.01-04.36.34:572][  0]Cmd: MAP CHECKDEP NOCLEARLOG
[2026.09.01-04.36.34:574][  0]MapCheck: Map check complete: 0 Error(s), 0 Warning(s), took 1.666ms to complete.
[2026.09.01-04.36.34:576][  0]LogFileHelpers: Loading map 'Minimal_Default' took 2.914
[2026.09.01-04.36.34:824][  0]LogUnrealEdMisc: Total Editor Startup Time, took 27.171
[2026.09.01-04.36.35:087][  0]LogSlate: Updating window title bar state: overlay mode, drag disabled, window buttons hidden, title bar hidden
[2026.09.01-04.36.35:093][  0]LogSlate: Updating window title bar state: overlay mode, drag disabled, window buttons hidden, title bar hidden
[2026.09.01-04.36.35:098][  0]LogSlate: Updating window title bar state: overlay mode, drag disabled, window buttons hidden, title bar hidden
[2026.09.01-04.36.35:103][  0]LogSlate: Updating window title bar state: overlay mode, drag disabled, window buttons hidden, title bar hidden
[2026.09.01-04.36.35:152][  0]LogNativeClassHierarchy: Verbose: Native class hierarchy populated in 0.0087 seconds. Added 3822 classes and 928 folders.
[2026.09.01-04.36.35:172][  0]LogNativeClassHierarchy: Verbose: Native class hierarchy updated for 'WidgetCarousel' in 0.0002 seconds. Added 0 classes and 0 folders.
[2026.09.01-04.36.35:189][  0]LogPakFile: PakFile PrimaryIndexSize=187
[2026.09.01-04.36.35:189][  0]LogPakFile: PakFile PathHashIndexSize=101
[2026.09.01-04.36.35:189][  0]LogPakFile: PakFile FullDirectoryIndexSize=148
[2026.09.01-04.36.35:189][  0]LogShaderLibrary: Display: ShaderCodeLibraryPakFileMountedCallback: PakFile 'C:/Program Files/Epic Games/UE_4.27/FeaturePacks/FP_FirstPerson.upack' (chunk index -1, root 'root:/') mounted
[2026.09.01-04.36.35:189][  0]LogShaderLibrary: Display: ShaderCodeLibraryPakFileMountedCallback: pending pak file info (ChunkID:-1 Root:root:/ File:C:/Program Files/Epic Games/UE_4.27/FeaturePacks/FP_FirstPerson.upack)
[2026.09.01-04.36.35:189][  0]LogPakFile: OnPakFileMounted2Time == 0.001080
[2026.09.01-04.36.35:202][  0]LogPakFile: PakFile PrimaryIndexSize=189
[2026.09.01-04.36.35:202][  0]LogPakFile: PakFile PathHashIndexSize=101
[2026.09.01-04.36.35:202][  0]LogPakFile: PakFile FullDirectoryIndexSize=152
[2026.09.01-04.36.35:202][  0]LogShaderLibrary: Display: ShaderCodeLibraryPakFileMountedCallback: PakFile 'C:/Program Files/Epic Games/UE_4.27/FeaturePacks/FP_FirstPersonBP.upack' (chunk index -1, root 'root:/') mounted
[2026.09.01-04.36.35:202][  0]LogShaderLibrary: Display: ShaderCodeLibraryPakFileMountedCallback: pending pak file info (ChunkID:-1 Root:root:/ File:C:/Program Files/Epic Games/UE_4.27/FeaturePacks/FP_FirstPersonBP.upack)
[2026.09.01-04.36.35:202][  0]LogPakFile: OnPakFileMounted2Time == 0.000048
[2026.09.01-04.36.35:211][  0]LogPakFile: PakFile PrimaryIndexSize=191
[2026.09.01-04.36.35:211][  0]LogPakFile: PakFile PathHashIndexSize=101
[2026.09.01-04.36.35:211][  0]LogPakFile: PakFile FullDirectoryIndexSize=160
[2026.09.01-04.36.35:211][  0]LogShaderLibrary: Display: ShaderCodeLibraryPakFileMountedCallback: PakFile 'C:/Program Files/Epic Games/UE_4.27/FeaturePacks/MobileStarterContent.upack' (chunk index -1, root 'root:/') mounted
[2026.09.01-04.36.35:211][  0]LogShaderLibrary: Display: ShaderCodeLibraryPakFileMountedCallback: pending pak file info (ChunkID:-1 Root:root:/ File:C:/Program Files/Epic Games/UE_4.27/FeaturePacks/MobileStarterContent.upack)
[2026.09.01-04.36.35:211][  0]LogPakFile: OnPakFileMounted2Time == 0.000037
[2026.09.01-04.36.35:222][  0]LogPakFile: PakFile PrimaryIndexSize=185
[2026.09.01-04.36.35:222][  0]LogPakFile: PakFile PathHashIndexSize=101
[2026.09.01-04.36.35:222][  0]LogPakFile: PakFile FullDirectoryIndexSize=148
[2026.09.01-04.36.35:222][  0]LogShaderLibrary: Display: ShaderCodeLibraryPakFileMountedCallback: PakFile 'C:/Program Files/Epic Games/UE_4.27/FeaturePacks/StarterContent.upack' (chunk index -1, root 'root:/') mounted
[2026.09.01-04.36.35:222][  0]LogShaderLibrary: Display: ShaderCodeLibraryPakFileMountedCallback: pending pak file info (ChunkID:-1 Root:root:/ File:C:/Program Files/Epic Games/UE_4.27/FeaturePacks/StarterContent.upack)
[2026.09.01-04.36.35:222][  0]LogPakFile: OnPakFileMounted2Time == 0.000037
[2026.09.01-04.36.35:230][  0]LogPakFile: PakFile PrimaryIndexSize=190
[2026.09.01-04.36.35:230][  0]LogPakFile: PakFile PathHashIndexSize=101
[2026.09.01-04.36.35:230][  0]LogPakFile: PakFile FullDirectoryIndexSize=154
[2026.09.01-04.36.35:230][  0]LogShaderLibrary: Display: ShaderCodeLibraryPakFileMountedCallback: PakFile 'C:/Program Files/Epic Games/UE_4.27/FeaturePacks/TP_2DSideScroller.upack' (chunk index -1, root 'root:/') mounted
[2026.09.01-04.36.35:230][  0]LogShaderLibrary: Display: ShaderCodeLibraryPakFileMountedCallback: pending pak file info (ChunkID:-1 Root:root:/ File:C:/Program Files/Epic Games/UE_4.27/FeaturePacks/TP_2DSideScroller.upack)
[2026.09.01-04.36.35:230][  0]LogPakFile: OnPakFileMounted2Time == 0.000038
[2026.09.01-04.36.35:237][  0]LogPakFile: PakFile PrimaryIndexSize=192
[2026.09.01-04.36.35:237][  0]LogPakFile: PakFile PathHashIndexSize=101
[2026.09.01-04.36.35:237][  0]LogPakFile: PakFile FullDirectoryIndexSize=158
[2026.09.01-04.36.35:237][  0]LogShaderLibrary: Display: ShaderCodeLibraryPakFileMountedCallback: PakFile 'C:/Program Files/Epic Games/UE_4.27/FeaturePacks/TP_2DSideScrollerBP.upack' (chunk index -1, root 'root:/') mounted
[2026.09.01-04.36.35:237][  0]LogShaderLibrary: Display: ShaderCodeLibraryPakFileMountedCallback: pending pak file info (ChunkID:-1 Root:root:/ File:C:/Program Files/Epic Games/UE_4.27/FeaturePacks/TP_2DSideScrollerBP.upack)
[2026.09.01-04.36.35:237][  0]LogPakFile: OnPakFileMounted2Time == 0.000035
[2026.09.01-04.36.35:245][  0]LogPakFile: PakFile PrimaryIndexSize=182
[2026.09.01-04.36.35:245][  0]LogPakFile: PakFile PathHashIndexSize=101
[2026.09.01-04.36.35:245][  0]LogPakFile: PakFile FullDirectoryIndexSize=138
[2026.09.01-04.36.35:245][  0]LogShaderLibrary: Display: ShaderCodeLibraryPakFileMountedCallback: PakFile 'C:/Program Files/Epic Games/UE_4.27/FeaturePacks/TP_Flying.upack' (chunk index -1, root 'root:/') mounted
[2026.09.01-04.36.35:245][  0]LogShaderLibrary: Display: ShaderCodeLibraryPakFileMountedCallback: pending pak file info (ChunkID:-1 Root:root:/ File:C:/Program Files/Epic Games/UE_4.27/FeaturePacks/TP_Flying.upack)
[2026.09.01-04.36.35:245][  0]LogPakFile: OnPakFileMounted2Time == 0.000036
[2026.09.01-04.36.35:252][  0]LogPakFile: PakFile PrimaryIndexSize=184
[2026.09.01-04.36.35:252][  0]LogPakFile: PakFile PathHashIndexSize=101
[2026.09.01-04.36.35:252][  0]LogPakFile: PakFile FullDirectoryIndexSize=142
[2026.09.01-04.36.35:252][  0]LogShaderLibrary: Display: ShaderCodeLibraryPakFileMountedCallback: PakFile 'C:/Program Files/Epic Games/UE_4.27/FeaturePacks/TP_FlyingBP.upack' (chunk index -1, root 'root:/') mounted
[2026.09.01-04.36.35:252][  0]LogShaderLibrary: Display: ShaderCodeLibraryPakFileMountedCallback: pending pak file info (ChunkID:-1 Root:root:/ File:C:/Program Files/Epic Games/UE_4.27/FeaturePacks/TP_FlyingBP.upack)
[2026.09.01-04.36.35:252][  0]LogPakFile: OnPakFileMounted2Time == 0.000036
[2026.09.01-04.36.35:259][  0]LogPakFile: PakFile PrimaryIndexSize=188
[2026.09.01-04.36.35:259][  0]LogPakFile: PakFile PathHashIndexSize=101
[2026.09.01-04.36.35:259][  0]LogPakFile: PakFile FullDirectoryIndexSize=150
[2026.09.01-04.36.35:259][  0]LogShaderLibrary: Display: ShaderCodeLibraryPakFileMountedCallback: PakFile 'C:/Program Files/Epic Games/UE_4.27/FeaturePacks/TP_HandheldARBP.upack' (chunk index -1, root 'root:/') mounted
[2026.09.01-04.36.35:259][  0]LogShaderLibrary: Display: ShaderCodeLibraryPakFileMountedCallback: pending pak file info (ChunkID:-1 Root:root:/ File:C:/Program Files/Epic Games/UE_4.27/FeaturePacks/TP_HandheldARBP.upack)
[2026.09.01-04.36.35:259][  0]LogPakFile: OnPakFileMounted2Time == 0.000039
[2026.09.01-04.36.35:270][  0]LogPakFile: PakFile PrimaryIndexSize=182
[2026.09.01-04.36.35:270][  0]LogPakFile: PakFile PathHashIndexSize=101
[2026.09.01-04.36.35:270][  0]LogPakFile: PakFile FullDirectoryIndexSize=138
[2026.09.01-04.36.35:270][  0]LogShaderLibrary: Display: ShaderCodeLibraryPakFileMountedCallback: PakFile 'C:/Program Files/Epic Games/UE_4.27/FeaturePacks/TP_Puzzle.upack' (chunk index -1, root 'root:/') mounted
[2026.09.01-04.36.35:270][  0]LogShaderLibrary: Display: ShaderCodeLibraryPakFileMountedCallback: pending pak file info (ChunkID:-1 Root:root:/ File:C:/Program Files/Epic Games/UE_4.27/FeaturePacks/TP_Puzzle.upack)
[2026.09.01-04.36.35:270][  0]LogPakFile: OnPakFileMounted2Time == 0.000034
[2026.09.01-04.36.35:277][  0]LogPakFile: PakFile PrimaryIndexSize=184
[2026.09.01-04.36.35:277][  0]LogPakFile: PakFile PathHashIndexSize=101
[2026.09.01-04.36.35:277][  0]LogPakFile: PakFile FullDirectoryIndexSize=142
[2026.09.01-04.36.35:277][  0]LogShaderLibrary: Display: ShaderCodeLibraryPakFileMountedCallback: PakFile 'C:/Program Files/Epic Games/UE_4.27/FeaturePacks/TP_PuzzleBP.upack' (chunk index -1, root 'root:/') mounted
[2026.09.01-04.36.35:277][  0]LogShaderLibrary: Display: ShaderCodeLibraryPakFileMountedCallback: pending pak file info (ChunkID:-1 Root:root:/ File:C:/Program Files/Epic Games/UE_4.27/FeaturePacks/TP_PuzzleBP.upack)
[2026.09.01-04.36.35:277][  0]LogPakFile: OnPakFileMounted2Time == 0.000035
[2026.09.01-04.36.35:287][  0]LogPakFile: PakFile PrimaryIndexSize=183
[2026.09.01-04.36.35:287][  0]LogPakFile: PakFile PathHashIndexSize=101
[2026.09.01-04.36.35:287][  0]LogPakFile: PakFile FullDirectoryIndexSize=140
[2026.09.01-04.36.35:287][  0]LogShaderLibrary: Display: ShaderCodeLibraryPakFileMountedCallback: PakFile 'C:/Program Files/Epic Games/UE_4.27/FeaturePacks/TP_Rolling.upack' (chunk index -1, root 'root:/') mounted
[2026.09.01-04.36.35:287][  0]LogShaderLibrary: Display: ShaderCodeLibraryPakFileMountedCallback: pending pak file info (ChunkID:-1 Root:root:/ File:C:/Program Files/Epic Games/UE_4.27/FeaturePacks/TP_Rolling.upack)
[2026.09.01-04.36.35:287][  0]LogPakFile: OnPakFileMounted2Time == 0.000035
[2026.09.01-04.36.35:294][  0]LogPakFile: PakFile PrimaryIndexSize=185
[2026.09.01-04.36.35:294][  0]LogPakFile: PakFile PathHashIndexSize=101
[2026.09.01-04.36.35:294][  0]LogPakFile: PakFile FullDirectoryIndexSize=144
[2026.09.01-04.36.35:294][  0]LogShaderLibrary: Display: ShaderCodeLibraryPakFileMountedCallback: PakFile 'C:/Program Files/Epic Games/UE_4.27/FeaturePacks/TP_RollingBP.upack' (chunk index -1, root 'root:/') mounted
[2026.09.01-04.36.35:294][  0]LogShaderLibrary: Display: ShaderCodeLibraryPakFileMountedCallback: pending pak file info (ChunkID:-1 Root:root:/ File:C:/Program Files/Epic Games/UE_4.27/FeaturePacks/TP_RollingBP.upack)
[2026.09.01-04.36.35:294][  0]LogPakFile: OnPakFileMounted2Time == 0.000038
[2026.09.01-04.36.35:300][  0]LogPakFile: PakFile PrimaryIndexSize=188
[2026.09.01-04.36.35:300][  0]LogPakFile: PakFile PathHashIndexSize=101
[2026.09.01-04.36.35:300][  0]LogPakFile: PakFile FullDirectoryIndexSize=150
[2026.09.01-04.36.35:300][  0]LogShaderLibrary: Display: ShaderCodeLibraryPakFileMountedCallback: PakFile 'C:/Program Files/Epic Games/UE_4.27/FeaturePacks/TP_SideScroller.upack' (chunk index -1, root 'root:/') mounted
[2026.09.01-04.36.35:300][  0]LogShaderLibrary: Display: ShaderCodeLibraryPakFileMountedCallback: pending pak file info (ChunkID:-1 Root:root:/ File:C:/Program Files/Epic Games/UE_4.27/FeaturePacks/TP_SideScroller.upack)
[2026.09.01-04.36.35:300][  0]LogPakFile: OnPakFileMounted2Time == 0.000033
[2026.09.01-04.36.35:309][  0]LogPakFile: PakFile PrimaryIndexSize=190
[2026.09.01-04.36.35:309][  0]LogPakFile: PakFile PathHashIndexSize=101
[2026.09.01-04.36.35:309][  0]LogPakFile: PakFile FullDirectoryIndexSize=154
[2026.09.01-04.36.35:309][  0]LogShaderLibrary: Display: ShaderCodeLibraryPakFileMountedCallback: PakFile 'C:/Program Files/Epic Games/UE_4.27/FeaturePacks/TP_SideScrollerBP.upack' (chunk index -1, root 'root:/') mounted
[2026.09.01-04.36.35:309][  0]LogShaderLibrary: Display: ShaderCodeLibraryPakFileMountedCallback: pending pak file info (ChunkID:-1 Root:root:/ File:C:/Program Files/Epic Games/UE_4.27/FeaturePacks/TP_SideScrollerBP.upack)
[2026.09.01-04.36.35:309][  0]LogPakFile: OnPakFileMounted2Time == 0.000038
[2026.09.01-04.36.35:316][  0]LogPakFile: PakFile PrimaryIndexSize=187
[2026.09.01-04.36.35:316][  0]LogPakFile: PakFile PathHashIndexSize=101
[2026.09.01-04.36.35:316][  0]LogPakFile: PakFile FullDirectoryIndexSize=148
[2026.09.01-04.36.35:316][  0]LogShaderLibrary: Display: ShaderCodeLibraryPakFileMountedCallback: PakFile 'C:/Program Files/Epic Games/UE_4.27/FeaturePacks/TP_ThirdPerson.upack' (chunk index -1, root 'root:/') mounted
[2026.09.01-04.36.35:316][  0]LogShaderLibrary: Display: ShaderCodeLibraryPakFileMountedCallback: pending pak file info (ChunkID:-1 Root:root:/ File:C:/Program Files/Epic Games/UE_4.27/FeaturePacks/TP_ThirdPerson.upack)
[2026.09.01-04.36.35:316][  0]LogPakFile: OnPakFileMounted2Time == 0.000038
[2026.09.01-04.36.35:324][  0]LogPakFile: PakFile PrimaryIndexSize=189
[2026.09.01-04.36.35:324][  0]LogPakFile: PakFile PathHashIndexSize=101
[2026.09.01-04.36.35:324][  0]LogPakFile: PakFile FullDirectoryIndexSize=152
[2026.09.01-04.36.35:324][  0]LogShaderLibrary: Display: ShaderCodeLibraryPakFileMountedCallback: PakFile 'C:/Program Files/Epic Games/UE_4.27/FeaturePacks/TP_ThirdPersonBP.upack' (chunk index -1, root 'root:/') mounted
[2026.09.01-04.36.35:324][  0]LogShaderLibrary: Display: ShaderCodeLibraryPakFileMountedCallback: pending pak file info (ChunkID:-1 Root:root:/ File:C:/Program Files/Epic Games/UE_4.27/FeaturePacks/TP_ThirdPersonBP.upack)
[2026.09.01-04.36.35:325][  0]LogPakFile: OnPakFileMounted2Time == 0.000041
[2026.09.01-04.36.35:333][  0]LogPakFile: PakFile PrimaryIndexSize=183
[2026.09.01-04.36.35:333][  0]LogPakFile: PakFile PathHashIndexSize=101
[2026.09.01-04.36.35:333][  0]LogPakFile: PakFile FullDirectoryIndexSize=140
[2026.09.01-04.36.35:333][  0]LogShaderLibrary: Display: ShaderCodeLibraryPakFileMountedCallback: PakFile 'C:/Program Files/Epic Games/UE_4.27/FeaturePacks/TP_TopDown.upack' (chunk index -1, root 'root:/') mounted
[2026.09.01-04.36.35:333][  0]LogShaderLibrary: Display: ShaderCodeLibraryPakFileMountedCallback: pending pak file info (ChunkID:-1 Root:root:/ File:C:/Program Files/Epic Games/UE_4.27/FeaturePacks/TP_TopDown.upack)
[2026.09.01-04.36.35:333][  0]LogPakFile: OnPakFileMounted2Time == 0.000040
[2026.09.01-04.36.35:341][  0]LogPakFile: PakFile PrimaryIndexSize=185
[2026.09.01-04.36.35:341][  0]LogPakFile: PakFile PathHashIndexSize=101
[2026.09.01-04.36.35:341][  0]LogPakFile: PakFile FullDirectoryIndexSize=144
[2026.09.01-04.36.35:341][  0]LogShaderLibrary: Display: ShaderCodeLibraryPakFileMountedCallback: PakFile 'C:/Program Files/Epic Games/UE_4.27/FeaturePacks/TP_TopDownBP.upack' (chunk index -1, root 'root:/') mounted
[2026.09.01-04.36.35:341][  0]LogShaderLibrary: Display: ShaderCodeLibraryPakFileMountedCallback: pending pak file info (ChunkID:-1 Root:root:/ File:C:/Program Files/Epic Games/UE_4.27/FeaturePacks/TP_TopDownBP.upack)
[2026.09.01-04.36.35:341][  0]LogPakFile: OnPakFileMounted2Time == 0.000035
[2026.09.01-04.36.35:353][  0]LogPakFile: PakFile PrimaryIndexSize=185
[2026.09.01-04.36.35:353][  0]LogPakFile: PakFile PathHashIndexSize=101
[2026.09.01-04.36.35:353][  0]LogPakFile: PakFile FullDirectoryIndexSize=144
[2026.09.01-04.36.35:353][  0]LogShaderLibrary: Display: ShaderCodeLibraryPakFileMountedCallback: PakFile 'C:/Program Files/Epic Games/UE_4.27/FeaturePacks/TP_TwinStick.upack' (chunk index -1, root 'root:/') mounted
[2026.09.01-04.36.35:353][  0]LogShaderLibrary: Display: ShaderCodeLibraryPakFileMountedCallback: pending pak file info (ChunkID:-1 Root:root:/ File:C:/Program Files/Epic Games/UE_4.27/FeaturePacks/TP_TwinStick.upack)
[2026.09.01-04.36.35:353][  0]LogPakFile: OnPakFileMounted2Time == 0.000043
[2026.09.01-04.36.35:360][  0]LogPakFile: PakFile PrimaryIndexSize=187
[2026.09.01-04.36.35:360][  0]LogPakFile: PakFile PathHashIndexSize=101
[2026.09.01-04.36.35:360][  0]LogPakFile: PakFile FullDirectoryIndexSize=148
[2026.09.01-04.36.35:360][  0]LogShaderLibrary: Display: ShaderCodeLibraryPakFileMountedCallback: PakFile 'C:/Program Files/Epic Games/UE_4.27/FeaturePacks/TP_TwinStickBP.upack' (chunk index -1, root 'root:/') mounted
[2026.09.01-04.36.35:360][  0]LogShaderLibrary: Display: ShaderCodeLibraryPakFileMountedCallback: pending pak file info (ChunkID:-1 Root:root:/ File:C:/Program Files/Epic Games/UE_4.27/FeaturePacks/TP_TwinStickBP.upack)
[2026.09.01-04.36.35:360][  0]LogPakFile: OnPakFileMounted2Time == 0.000033
[2026.09.01-04.36.35:368][  0]LogPakFile: PakFile PrimaryIndexSize=183
[2026.09.01-04.36.35:368][  0]LogPakFile: PakFile PathHashIndexSize=101
[2026.09.01-04.36.35:368][  0]LogPakFile: PakFile FullDirectoryIndexSize=140
[2026.09.01-04.36.35:368][  0]LogShaderLibrary: Display: ShaderCodeLibraryPakFileMountedCallback: PakFile 'C:/Program Files/Epic Games/UE_4.27/FeaturePacks/TP_Vehicle.upack' (chunk index -1, root 'root:/') mounted
[2026.09.01-04.36.35:368][  0]LogShaderLibrary: Display: ShaderCodeLibraryPakFileMountedCallback: pending pak file info (ChunkID:-1 Root:root:/ File:C:/Program Files/Epic Games/UE_4.27/FeaturePacks/TP_Vehicle.upack)
[2026.09.01-04.36.35:368][  0]LogPakFile: OnPakFileMounted2Time == 0.000035
[2026.09.01-04.36.35:376][  0]LogPakFile: PakFile PrimaryIndexSize=186
[2026.09.01-04.36.35:376][  0]LogPakFile: PakFile PathHashIndexSize=101
[2026.09.01-04.36.35:376][  0]LogPakFile: PakFile FullDirectoryIndexSize=146
[2026.09.01-04.36.35:376][  0]LogShaderLibrary: Display: ShaderCodeLibraryPakFileMountedCallback: PakFile 'C:/Program Files/Epic Games/UE_4.27/FeaturePacks/TP_VehicleAdv.upack' (chunk index -1, root 'root:/') mounted
[2026.09.01-04.36.35:376][  0]LogShaderLibrary: Display: ShaderCodeLibraryPakFileMountedCallback: pending pak file info (ChunkID:-1 Root:root:/ File:C:/Program Files/Epic Games/UE_4.27/FeaturePacks/TP_VehicleAdv.upack)
[2026.09.01-04.36.35:376][  0]LogPakFile: OnPakFileMounted2Time == 0.000035
[2026.09.01-04.36.35:384][  0]LogPakFile: PakFile PrimaryIndexSize=188
[2026.09.01-04.36.35:384][  0]LogPakFile: PakFile PathHashIndexSize=101
[2026.09.01-04.36.35:384][  0]LogPakFile: PakFile FullDirectoryIndexSize=150
[2026.09.01-04.36.35:384][  0]LogShaderLibrary: Display: ShaderCodeLibraryPakFileMountedCallback: PakFile 'C:/Program Files/Epic Games/UE_4.27/FeaturePacks/TP_VehicleAdvBP.upack' (chunk index -1, root 'root:/') mounted
[2026.09.01-04.36.35:384][  0]LogShaderLibrary: Display: ShaderCodeLibraryPakFileMountedCallback: pending pak file info (ChunkID:-1 Root:root:/ File:C:/Program Files/Epic Games/UE_4.27/FeaturePacks/TP_VehicleAdvBP.upack)
[2026.09.01-04.36.35:384][  0]LogPakFile: OnPakFileMounted2Time == 0.000037
[2026.09.01-04.36.35:394][  0]LogPakFile: PakFile PrimaryIndexSize=185
[2026.09.01-04.36.35:394][  0]LogPakFile: PakFile PathHashIndexSize=101
[2026.09.01-04.36.35:394][  0]LogPakFile: PakFile FullDirectoryIndexSize=144
[2026.09.01-04.36.35:394][  0]LogShaderLibrary: Display: ShaderCodeLibraryPakFileMountedCallback: PakFile 'C:/Program Files/Epic Games/UE_4.27/FeaturePacks/TP_VehicleBP.upack' (chunk index -1, root 'root:/') mounted
[2026.09.01-04.36.35:394][  0]LogShaderLibrary: Display: ShaderCodeLibraryPakFileMountedCallback: pending pak file info (ChunkID:-1 Root:root:/ File:C:/Program Files/Epic Games/UE_4.27/FeaturePacks/TP_VehicleBP.upack)
[2026.09.01-04.36.35:394][  0]LogPakFile: OnPakFileMounted2Time == 0.000042
[2026.09.01-04.36.35:402][  0]LogPakFile: PakFile PrimaryIndexSize=192
[2026.09.01-04.36.35:402][  0]LogPakFile: PakFile PathHashIndexSize=101
[2026.09.01-04.36.35:402][  0]LogPakFile: PakFile FullDirectoryIndexSize=158
[2026.09.01-04.36.35:402][  0]LogShaderLibrary: Display: ShaderCodeLibraryPakFileMountedCallback: PakFile 'C:/Program Files/Epic Games/UE_4.27/FeaturePacks/TP_VirtualRealityBP.upack' (chunk index -1, root 'root:/') mounted
[2026.09.01-04.36.35:402][  0]LogShaderLibrary: Display: ShaderCodeLibraryPakFileMountedCallback: pending pak file info (ChunkID:-1 Root:root:/ File:C:/Program Files/Epic Games/UE_4.27/FeaturePacks/TP_VirtualRealityBP.upack)
[2026.09.01-04.36.35:402][  0]LogPakFile: OnPakFileMounted2Time == 0.000041
[2026.09.01-04.36.35:720][  0]LogNativeClassHierarchy: Verbose: Native class hierarchy updated for 'AddContentDialog' in 0.0003 seconds. Added 0 classes and 0 folders.
[2026.09.01-04.36.35:726][  0]LogNativeClassHierarchy: Verbose: Native class hierarchy updated for 'SceneOutliner' in 0.0003 seconds. Added 2 classes and 0 folders.
[2026.09.01-04.36.35:999][  0]LogSlate: Took 0.006888 seconds to synchronously load lazily loaded font '../../../Engine/Content/Slate/Fonts/Roboto-Regular.ttf' (155K)
[2026.09.01-04.36.36:009][  0]LogSlate: Took 0.006796 seconds to synchronously load lazily loaded font '../../../Engine/Content/Editor/Slate/Fonts/FontAwesome.ttf' (139K)
[2026.09.01-04.36.36:019][  0]LogSlate: Took 0.007713 seconds to synchronously load lazily loaded font '../../../Engine/Content/Slate/Fonts/Roboto-Bold.ttf' (160K)
[2026.09.01-04.36.36:290][  0]LogRenderer: Reallocating scene render targets to support 1208x540 Format 10 NumSamples 1 (Frame:1).
[2026.09.01-04.36.36:883][  0]LogSlate: Took 0.015389 seconds to synchronously load lazily loaded font '../../../Engine/Content/Slate/Fonts/Roboto-Light.ttf' (167K)
[2026.09.01-04.36.37:053][  0]LogNativeClassHierarchy: Verbose: Native class hierarchy updated for 'HierarchicalLODOutliner' in 0.0003 seconds. Added 0 classes and 0 folders.
[2026.09.01-04.36.37:056][  0]LogLoad: (Engine Initialization) Total time: 29.40 seconds
[2026.09.01-04.36.37:056][  0]LogLoad: (Engine Initialization) Total Blueprint compile time: 0.00 seconds
[2026.09.01-04.36.37:243][  0]LogContentStreaming: Texture pool size now 1000 MB
[2026.09.01-04.36.37:289][  1]LogRenderer: Reallocating scene render targets to support 1208x556 Format 10 NumSamples 1 (Frame:3).
[2026.09.01-04.36.37:511][  2]LogAssetRegistry: Asset discovery search completed in 15.6766 seconds
[2026.09.01-04.36.37:570][  2]LogCollectionManager: Fixed up redirectors for 0 collections in 0.000189 seconds (updated 0 objects)
[2026.09.01-04.36.47:347][235]LogFileCache: Retrieving MD5 hashes for directory 'C:/Users/shizu/Documents/Unreal Projects/Output1_CompGraphProg/Content/' took 10.21s
[2026.09.01-04.36.48:792][296]LogD3D11RHI: Display: Temp texture streaming buffer not large enough, needed 16777216 bytes
[2026.09.01-04.36.52:888][519]LogD3D11RHI: Display: Temp texture streaming buffer not large enough, needed 8388608 bytes
[2026.09.01-04.36.53:202][534]LogD3D11RHI: Display: Temp texture streaming buffer not large enough, needed 16777216 bytes
[2026.09.01-04.37.04:718][140]LogEditorViewport: Clicking on Actor (LMB): StaticMeshActor (Campfire)
[2026.09.01-04.37.25:604][137]Cmd: TRANSACTION UNDO
[2026.09.01-04.37.25:605][137]LogEditorTransaction: Undo Move Actors
[2026.09.01-04.37.25:665][137]LogSlate: Took 0.000739 seconds to synchronously load lazily loaded font '../../../Engine/Content/Slate/Fonts/Roboto-Light.ttf' (167K)
[2026.09.01-04.37.31:307][400]LogEditorViewport: Clicking on Actor (LMB): Landscape (Landscape)
[2026.09.01-04.37.44:008][ 68]LogEditorViewport: Clicking on Actor (LMB): StaticMeshActor (Campfire)
[2026.09.01-04.37.49:933][380]LogEditorViewport: Clicking on Actor (LMB): Landscape (Landscape)
[2026.09.01-04.37.52:231][496]LogEditorViewport: Clicking Background
[2026.09.01-04.38.07:234][372]LogEditorViewport: Clicking on Actor (LMB): StaticMeshActor (Stove_mdl)
[2026.09.01-04.38.52:858][769]LogEditorViewport: Clicking Background
[2026.09.01-04.39.00:882][257]LogEditorViewport: Clicking on Actor (LMB): StaticMeshActor (TentOpen_mdl)
[2026.09.01-04.39.06:915][450]LogMaterial: Display: Missing cached shadermap for Material_0 in PCD3D_SM5, Default, SM5 (DDC key hash: F6B3D6DC6246AA6E13689A348C92CD8179F4DCA8), compiling. 
[2026.09.01-04.39.06:954][452]LogShaderCompilers: Display: Submitted 2 shader compile jobs with 'ForceLocal' priority
[2026.09.01-04.39.06:955][452]LogShaderCompilers: Display: Worker (1/13): shaders left to compile 2
[2026.09.01-04.39.06:955][452]LogShaderCompilers: Display: Worker (2/13): shaders left to compile 1
[2026.09.01-04.39.06:955][452]LogShaderCompilers: Display: Started 2 'Local' shader compile jobs with 'ForceLocal' priority
[2026.09.01-04.39.06:961][452]LogShaderCompilers: Display: Submitted 4 shader compile jobs with 'Normal' priority
[2026.09.01-04.39.06:986][452]LogShaderCompilers: Display: Worker (3/13): shaders left to compile 4
[2026.09.01-04.39.06:986][452]LogShaderCompilers: Display: Worker (4/13): shaders left to compile 3
[2026.09.01-04.39.06:986][452]LogShaderCompilers: Display: Worker (5/13): shaders left to compile 2
[2026.09.01-04.39.06:986][452]LogShaderCompilers: Display: Worker (6/13): shaders left to compile 1
[2026.09.01-04.39.06:986][452]LogShaderCompilers: Display: Started 4 'Local' shader compile jobs with 'Normal' priority
[2026.09.01-04.39.38:684][ 81]LogAssetEditorSubsystem: Opening Asset editor for Material /Game/SurvivalProps/Materials/TentOpen_mat.TentOpen_mat
[2026.09.01-04.39.38:687][ 81]LogMaterial: Display: Missing cached shadermap for TentOpen_mat in PCD3D_SM5, Default, SM5 (DDC key hash: AADA30E1DAFFA7F57B06780D1C4E347E4001CA89), compiling. 
[2026.09.01-04.39.38:707][ 81]LogShaderCompilers: Display: Submitted 12 shader compile jobs with 'Normal' priority
[2026.09.01-04.39.38:732][ 81]LogTexture: Default maximum texture size for cubemaps generated from long-lat sources has been changed from 512 to unlimited. In order to preserve old behaiour for '/Engine/EditorMaterials/AssetViewer/EpicQuadPanorama_CC+EV1.EpicQuadPanorama_CC+EV1', its maximum texture size has been explicitly set to 512.
[2026.09.01-04.39.38:823][ 81]LogTexture: Default maximum texture size for cubemaps generated from long-lat sources has been changed from 512 to unlimited. In order to preserve old behaiour for '/Engine/MapTemplates/Sky/SunsetAmbientCubemap.SunsetAmbientCubemap', its maximum texture size has been explicitly set to 512.
[2026.09.01-04.39.39:060][ 81]LogMaterial: Display: Missing cached shadermap for TentOpen_mat in PCD3D_SM5, Default, SM5 (DDC key hash: 043AA2303C5040837E4323277D5B42C5477DB7F7), compiling. 
[2026.09.01-04.39.39:063][ 81]LogMaterial: Display: Missing cached shadermap for FMatExpressionPreview MaterialExpressionTextureSample_122 in PCD3D_SM5, Default, SM5 (DDC key hash: 1764871F34069BA991F4248EA3686F8F8F926087), compiling. 
[2026.09.01-04.39.39:064][ 81]LogMaterial: Display: Missing cached shadermap for FMatExpressionPreview MaterialExpressionTextureSample_123 in PCD3D_SM5, Default, SM5 (DDC key hash: B68B1C6885966E5CC043EA372B46FEB35959E5A4), compiling. 
[2026.09.01-04.39.39:065][ 81]LogMaterial: Display: Missing cached shadermap for FMatExpressionPreview MaterialExpressionTextureSample_121 in PCD3D_SM5, Default, SM5 (DDC key hash: B2B30899326FBAB90014CBF1A22A6B427088FC2A), compiling. 
[2026.09.01-04.39.39:066][ 81]LogMaterial: Display: Missing cached shadermap for FMatExpressionPreview MaterialExpressionVectorParameter_8 in PCD3D_SM5, Default, SM5 (DDC key hash: BF2F8EB9B791C4FD2C09C5BAD0887B2F584CCAE5), compiling. 
[2026.09.01-04.39.39:082][ 81]MaterialEditorStats: Texture samplers: 0/16
[2026.09.01-04.39.39:082][ 81]MaterialEditorStats: Texture Lookups (Est.): VS(0), PS(3)
[2026.09.01-04.39.39:082][ 81]MaterialEditorStats: User interpolators: 2/4 Scalars (1/4 Vectors) (TexCoords: 2, Custom: 0)
[2026.09.01-04.39.39:094][ 81]LogSlate: Took 0.008123 seconds to synchronously load lazily loaded font '../../../Engine/Content/Slate/Fonts/Roboto-BoldCondensed.ttf' (158K)
[2026.09.01-04.39.39:184][ 81]LogShaderCompilers: Display: Submitted 2 shader compile jobs with 'ForceLocal' priority
[2026.09.01-04.39.39:184][ 81]LogShaderCompilers: Display: Worker (1/13): shaders left to compile 2
[2026.09.01-04.39.39:184][ 81]LogShaderCompilers: Display: Worker (2/13): shaders left to compile 1
[2026.09.01-04.39.39:184][ 81]LogShaderCompilers: Display: Started 2 'Local' shader compile jobs with 'ForceLocal' priority
[2026.09.01-04.39.39:184][ 81]LogShaderCompilers: Display: Submitted 10 shader compile jobs with 'Normal' priority
[2026.09.01-04.39.39:184][ 81]LogStaticMesh: Allocated 48x8x13 distance field atlas = 0.0Mb, with 6 objects containing 0.0Mb backing data
[2026.09.01-04.39.39:184][ 81]LogShaderCompilers: Display: Worker (3/13): shaders left to compile 10
[2026.09.01-04.39.39:184][ 81]LogShaderCompilers: Display: Worker (4/13): shaders left to compile 9
[2026.09.01-04.39.39:184][ 81]LogShaderCompilers: Display: Worker (5/13): shaders left to compile 8
[2026.09.01-04.39.39:184][ 81]LogShaderCompilers: Display: Worker (6/13): shaders left to compile 7
[2026.09.01-04.39.39:184][ 81]LogShaderCompilers: Display: Worker (7/13): shaders left to compile 6
[2026.09.01-04.39.39:184][ 81]LogShaderCompilers: Display: Worker (8/13): shaders left to compile 5
[2026.09.01-04.39.39:184][ 81]LogShaderCompilers: Display: Worker (9/13): shaders left to compile 4
[2026.09.01-04.39.39:184][ 81]LogShaderCompilers: Display: Worker (10/13): shaders left to compile 3
[2026.09.01-04.39.39:184][ 81]LogShaderCompilers: Display: Worker (11/13): shaders left to compile 2
[2026.09.01-04.39.39:184][ 81]LogShaderCompilers: Display: Worker (12/13): shaders left to compile 1
[2026.09.01-04.39.39:184][ 81]LogShaderCompilers: Display: Started 10 'Local' shader compile jobs with 'Normal' priority
[2026.09.01-04.39.39:184][ 81]LogSlate: Took 0.008974 seconds to synchronously load lazily loaded font '../../../Engine/Content/Slate/Fonts/DroidSansMono.ttf' (77K)
[2026.09.01-04.39.39:330][ 84]LogShaderCompilers: Display: Submitted 2 shader compile jobs with 'ForceLocal' priority
[2026.09.01-04.39.39:330][ 84]LogShaderCompilers: Display: Submitted 2 shader compile jobs with 'ForceLocal' priority
[2026.09.01-04.39.39:509][ 88]LogShaderCompilers: Display: Submitted 2 shader compile jobs with 'ForceLocal' priority
[2026.09.01-04.39.39:940][ 95]LogShaderCompilers: Display: Worker (3/13): shaders left to compile 6
[2026.09.01-04.39.39:940][ 95]LogShaderCompilers: Display: Started 1 'Local' shader compile jobs with 'ForceLocal' priority
[2026.09.01-04.39.39:940][ 95]LogShaderCompilers: Display: Worker (2/13): shaders left to compile 5
[2026.09.01-04.39.39:940][ 95]LogShaderCompilers: Display: Started 1 'Local' shader compile jobs with 'ForceLocal' priority
[2026.09.01-04.39.39:949][ 95]LogShaderCompilers: Display: === FShaderJobCache stats ===
[2026.09.01-04.39.39:949][ 95]LogShaderCompilers: Display: Total job queries 37, among them cache hits 1 (2.70%)
[2026.09.01-04.39.39:949][ 95]LogShaderCompilers: Display: Tracking 8 distinct input hashes that result in 7 distinct outputs (87.50%)
[2026.09.01-04.39.39:949][ 95]LogShaderCompilers: Display: RAM used: 0.01 MB (0.00 GB) of 819.20 MB (0.80 GB) budget. Usage: 0.00%
[2026.09.01-04.39.39:949][ 95]LogShaderCompilers: Display: ================================================
[2026.09.01-04.39.40:090][ 98]LogShaderCompilers: Display: Worker (6/13): shaders left to compile 4
[2026.09.01-04.39.40:090][ 98]LogShaderCompilers: Display: Started 1 'Local' shader compile jobs with 'ForceLocal' priority
[2026.09.01-04.39.40:196][100]LogShaderCompilers: Display: Worker (1/13): shaders left to compile 3
[2026.09.01-04.39.40:197][100]LogShaderCompilers: Display: Started 1 'Local' shader compile jobs with 'ForceLocal' priority
[2026.09.01-04.39.40:198][100]MaterialEditorStats: Texture samplers: 5/16
[2026.09.01-04.39.40:198][100]MaterialEditorStats: Texture Lookups (Est.): VS(0), PS(3)
[2026.09.01-04.39.40:198][100]MaterialEditorStats: User interpolators: 2/4 Scalars (1/4 Vectors) (TexCoords: 2, Custom: 0)
[2026.09.01-04.39.40:253][101]LogShaderCompilers: Display: Worker (10/13): shaders left to compile 2
[2026.09.01-04.39.40:253][101]LogShaderCompilers: Display: Started 1 'Local' shader compile jobs with 'ForceLocal' priority
[2026.09.01-04.39.40:303][102]LogShaderCompilers: Display: Worker (4/13): shaders left to compile 1
[2026.09.01-04.39.40:303][102]LogShaderCompilers: Display: Started 1 'Local' shader compile jobs with 'ForceLocal' priority
[2026.09.01-04.39.40:406][103]LogShaderCompilers: Display: Submitted 2 shader compile jobs with 'ForceLocal' priority
[2026.09.01-04.39.40:406][103]LogSlate: Took 0.024241 seconds to synchronously load lazily loaded font '../../../Engine/Content/Slate/Fonts/Roboto-Italic.ttf' (157K)
[2026.09.01-04.39.40:488][105]LogShaderCompilers: Display: Worker (5/13): shaders left to compile 2
[2026.09.01-04.39.40:488][105]LogShaderCompilers: Display: Started 1 'Local' shader compile jobs with 'ForceLocal' priority
[2026.09.01-04.39.40:541][106]LogShaderCompilers: Display: Worker (8/13): shaders left to compile 1
[2026.09.01-04.39.40:542][106]LogShaderCompilers: Display: Started 1 'Local' shader compile jobs with 'ForceLocal' priority
[2026.09.01-04.39.40:800][111]MaterialEditorStats: Base pass shader: 129 instructions
[2026.09.01-04.39.40:800][111]MaterialEditorStats: Base pass shader with Surface Lightmap: 160 instructions
[2026.09.01-04.39.40:800][111]MaterialEditorStats: Base pass shader with Volumetric Lightmap: 207 instructions
[2026.09.01-04.39.40:800][111]MaterialEditorStats: Base pass vertex shader: 46 instructions
[2026.09.01-04.39.40:800][111]MaterialEditorStats: Texture samplers: 5/16
[2026.09.01-04.39.40:800][111]MaterialEditorStats: Texture Lookups (Est.): VS(0), PS(3)
[2026.09.01-04.39.40:800][111]MaterialEditorStats: User interpolators: 2/4 Scalars (1/4 Vectors) (TexCoords: 2, Custom: 0)
[2026.09.01-04.39.54:438][215]LogSlate: Window 'TentOpen_mat' being destroyed
[2026.09.01-04.39.54:466][215]LogWorld: UWorld::CleanupWorld for World_3, bSessionEnded=true, bCleanupResources=true
[2026.09.01-04.39.54:466][215]LogSlate: InvalidateAllWidgets triggered.  All widgets were invalidated
[2026.09.01-04.40.01:014][583]Cmd: EDIT COPY
[2026.09.01-04.40.01:251][591]Cmd: EDIT PASTE
[2026.09.01-04.40.03:242][700]Cmd: TRANSACTION UNDO
[2026.09.01-04.40.03:242][700]LogEditorTransaction: Undo Paste
[2026.09.01-04.40.09:710][ 49]Cmd: EDIT PASTE
[2026.09.01-04.40.30:103][433]LogEditorViewport: Clicking on Actor (LMB): StaticMeshActor (TentOpen_mdl)
[2026.09.01-04.40.35:784][753]Cmd: TRANSACTION UNDO
[2026.09.01-04.40.35:784][753]LogEditorTransaction: Undo Move Actors
[2026.09.01-04.40.40:805][  2]LogEditorViewport: Clicking on Actor (LMB): StaticMeshActor (Stove_mdl)
[2026.09.01-04.41.05:825][450]LogUObjectHash: Compacting FUObjectHashTables data took   0.76ms
[2026.09.01-04.41.06:207][450]LogSavePackage: Moving '../../../../../../Users/shizu/Documents/Unreal Projects/Output1_CompGraphProg/Saved/Minimal_Default4B9B1C66465DF448B510C0A18A95C1B5.tmp' to '../../../../../../Users/shizu/Documents/Unreal Projects/Output1_CompGraphProg/Content/StarterContent/Maps/Minimal_Default.umap'
[2026.09.01-04.41.07:148][450]LogSavePackage: Moving '../../../../../../Users/shizu/Documents/Unreal Projects/Output1_CompGraphProg/Saved/Minimal_Default_BuiltData8D15F286462F5BEBE4FD9AB30CB2EF19.tmp' to '../../../../../../Users/shizu/Documents/Unreal Projects/Output1_CompGraphProg/Content/StarterContent/Maps/Minimal_Default_BuiltData.uasset'
[2026.09.01-04.41.07:167][450]AssetCheck: New page: Asset Save: multiple assets
[2026.09.01-04.41.07:167][450]LogContentValidation: Display: Validating MapBuildDataRegistry /Game/StarterContent/Maps/Minimal_Default_BuiltData.Minimal_Default_BuiltData
[2026.09.01-04.41.07:167][450]LogContentValidation: Display: Validating World /Game/StarterContent/Maps/Minimal_Default.Minimal_Default
[2026.09.01-04.41.09:148][568]LogUObjectHash: Compacting FUObjectHashTables data took   0.59ms
[2026.09.01-04.41.09:186][568]LogSlate: Window 'Output1 - Unreal Editor' being destroyed
[2026.09.01-04.41.09:306][569]Cmd: QUIT_EDITOR
[2026.09.01-04.41.09:306][569]LogCore: Engine exit requested (reason: UUnrealEdEngine::CloseEditor())
[2026.09.01-04.41.09:309][569]LogCore: Engine exit requested (reason: EngineExit() was called; note: exit was already requested)
[2026.09.01-04.41.09:315][569]LogAudio: Display: Beginning Audio Device Manager Shutdown (Module: AudioMixerXAudio2)...
[2026.09.01-04.41.09:315][569]LogAudio: Display: Destroying 1 Remaining Audio Device(s)...
[2026.09.01-04.41.09:315][569]LogAudio: Display: Audio Device unregistered from world 'Minimal_Default'.
[2026.09.01-04.41.09:317][569]LogAudioMixer: FMixerPlatformXAudio2::StopAudioStream() called
[2026.09.01-04.41.09:319][569]LogAudioMixer: FMixerPlatformXAudio2::StopAudioStream() called
[2026.09.01-04.41.09:322][569]LogAudio: Display: Audio Device Manager Shutdown
[2026.09.01-04.41.09:322][569]LogWindowsTextInputMethodSystem: Display: IME system deactivated.
[2026.09.01-04.41.09:328][569]LogExit: Preparing to exit.
[2026.09.01-04.41.09:338][569]LogUObjectHash: Compacting FUObjectHashTables data took   0.72ms
[2026.09.01-04.41.10:408][569]LogWorld: UWorld::CleanupWorld for World_1, bSessionEnded=true, bCleanupResources=true
[2026.09.01-04.41.10:408][569]LogWorld: UWorld::CleanupWorld for World_2, bSessionEnded=true, bCleanupResources=true
[2026.09.01-04.41.10:408][569]LogWorld: UWorld::CleanupWorld for World_0, bSessionEnded=true, bCleanupResources=true
[2026.09.01-04.41.10:454][569]LogDemo: Cleaned up 0 splitscreen connections with owner deletion
[2026.09.01-04.41.10:475][569]LogExit: Editor shut down
[2026.09.01-04.41.10:476][569]LogExit: Transaction tracking system shut down
[2026.09.01-04.41.10:750][569]LogExit: Object subsystem successfully closed.
[2026.09.01-04.41.10:770][569]LogShaderCompilers: Display: === FShaderJobCache stats ===
[2026.09.01-04.41.10:770][569]LogShaderCompilers: Display: Total job queries 42, among them cache hits 4 (9.52%)
[2026.09.01-04.41.10:770][569]LogShaderCompilers: Display: Tracking 26 distinct input hashes that result in 18 distinct outputs (69.23%)
[2026.09.01-04.41.10:770][569]LogShaderCompilers: Display: RAM used: 0.08 MB (0.00 GB) of 819.20 MB (0.80 GB) budget. Usage: 0.01%
[2026.09.01-04.41.10:770][569]LogShaderCompilers: Display: ================================================
[2026.09.01-04.41.10:785][569]LogShaderCompilers: Display: Shaders left to compile 0
[2026.09.01-04.41.10:871][569]LogModuleManager: Shutting down and abandoning module HierarchicalLODOutliner (870)
[2026.09.01-04.41.10:871][569]LogModuleManager: Shutting down and abandoning module SceneOutliner (868)
[2026.09.01-04.41.10:871][569]LogModuleManager: Shutting down and abandoning module AddContentDialog (866)
[2026.09.01-04.41.10:872][569]LogModuleManager: Shutting down and abandoning module WidgetCarousel (865)
[2026.09.01-04.41.10:872][569]LogModuleManager: Shutting down and abandoning module EditorWidgets (862)
[2026.09.01-04.41.10:872][569]LogModuleManager: Shutting down and abandoning module StatsViewer (860)
[2026.09.01-04.41.10:872][569]LogModuleManager: Shutting down and abandoning module PIEPreviewDeviceProfileSelector (858)
[2026.09.01-04.41.10:873][569]LogModuleManager: Shutting down and abandoning module SequenceRecorderSections (856)
[2026.09.01-04.41.10:873][569]LogModuleManager: Shutting down and abandoning module AutomationWorker (854)
[2026.09.01-04.41.10:873][569]LogModuleManager: Shutting down and abandoning module SteamVREditor (852)
[2026.09.01-04.41.10:873][569]LogModuleManager: Shutting down and abandoning module OculusMR (850)
[2026.09.01-04.41.10:873][569]LogModuleManager: Shutting down and abandoning module OpenXRInput (848)
[2026.09.01-04.41.10:873][569]LogModuleManager: Shutting down and abandoning module GooglePADEditor (846)
[2026.09.01-04.41.10:873][569]LogModuleManager: Shutting down and abandoning module AudioCaptureEditor (844)
[2026.09.01-04.41.10:873][569]LogModuleManager: Shutting down and abandoning module PlanarCut (842)
[2026.09.01-04.41.10:874][569]LogModuleManager: Shutting down and abandoning module TakeRecorderSources (840)
[2026.09.01-04.41.10:875][569]LogModuleManager: Shutting down and abandoning module TakeRecorder (839)
[2026.09.01-04.41.10:877][569]LogModuleManager: Shutting down and abandoning module TakeTrackRecorders (836)
[2026.09.01-04.41.10:877][569]LogModuleManager: Shutting down and abandoning module TakesCore (834)
[2026.09.01-04.41.10:877][569]LogModuleManager: Shutting down and abandoning module CharacterAI (832)
[2026.09.01-04.41.10:877][569]LogModuleManager: Shutting down and abandoning module WebMMediaFactory (830)
[2026.09.01-04.41.10:877][569]LogModuleManager: Shutting down and abandoning module WebMMediaEditor (828)
[2026.09.01-04.41.10:877][569]LogModuleManager: Shutting down and abandoning module WebMMedia (826)
[2026.09.01-04.41.10:878][569]LogModuleManager: Shutting down and abandoning module WmfMediaFactory (824)
[2026.09.01-04.41.10:878][569]LogModuleManager: Shutting down and abandoning module WmfMediaEditor (822)
[2026.09.01-04.41.10:878][569]LogModuleManager: Shutting down and abandoning module MediaPlayerEditor (820)
[2026.09.01-04.41.10:878][569]LogModuleManager: Shutting down and abandoning module OpenExrWrapper (818)
[2026.09.01-04.41.10:878][569]LogModuleManager: Shutting down and abandoning module ImgMediaFactory (816)
[2026.09.01-04.41.10:878][569]LogModuleManager: Shutting down and abandoning module ImgMediaEditor (814)
[2026.09.01-04.41.10:878][569]LogModuleManager: Shutting down and abandoning module MediaCompositingEditor (812)
[2026.09.01-04.41.10:879][569]LogModuleManager: Shutting down and abandoning module SequenceRecorder (811)
[2026.09.01-04.41.10:879][569]LogModuleManager: Shutting down and abandoning module AvfMediaFactory (808)
[2026.09.01-04.41.10:879][569]LogModuleManager: Shutting down and abandoning module AvfMediaEditor (806)
[2026.09.01-04.41.10:879][569]LogModuleManager: Shutting down and abandoning module AndroidMediaFactory (804)
[2026.09.01-04.41.10:879][569]LogModuleManager: Shutting down and abandoning module AndroidMediaEditor (802)
[2026.09.01-04.41.10:879][569]LogModuleManager: Shutting down and abandoning module TextureAlignMode (800)
[2026.09.01-04.41.10:879][569]LogModuleManager: Shutting down and abandoning module BspMode (798)
[2026.09.01-04.41.10:880][569]LogModuleManager: Shutting down and abandoning module GeometryMode (796)
[2026.09.01-04.41.10:880][569]LogModuleManager: Shutting down and abandoning module TemplateSequenceEditor (794)
[2026.09.01-04.41.10:880][569]LogModuleManager: Shutting down and abandoning module LevelSequenceEditor (792)
[2026.09.01-04.41.10:881][569]LogModuleManager: Shutting down and abandoning module MatineeToLevelSequence (790)
[2026.09.01-04.41.10:881][569]LogModuleManager: Shutting down and abandoning module ActorSequenceEditor (788)
[2026.09.01-04.41.10:882][569]LogModuleManager: Shutting down and abandoning module MagicLeapMediaCodecFactory (786)
[2026.09.01-04.41.10:882][569]LogModuleManager: Shutting down and abandoning module MagicLeapMediaFactory (784)
[2026.09.01-04.41.10:882][569]LogModuleManager: Shutting down and abandoning module MagicLeapMediaEditor (782)
[2026.09.01-04.41.10:882][569]LogModuleManager: Shutting down and abandoning module CameraShakePreviewer (780)
[2026.09.01-04.41.10:882][569]LogModuleManager: Shutting down and abandoning module SmartSnapping (778)
[2026.09.01-04.41.10:882][569]LogModuleManager: Shutting down and abandoning module SessionServices (776)
[2026.09.01-04.41.10:882][569]LogModuleManager: Shutting down and abandoning module MeshPaint (774)
[2026.09.01-04.41.10:883][569]LogModuleManager: Shutting down and abandoning module VirtualTexturingEditor (772)
[2026.09.01-04.41.10:884][569]LogModuleManager: Shutting down and abandoning module FoliageEdit (770)
[2026.09.01-04.41.10:884][569]LogModuleManager: Shutting down and abandoning module LandscapeEditor (768)
[2026.09.01-04.41.10:885][569]LogModuleManager: Shutting down and abandoning module MeshPaintMode (766)
[2026.09.01-04.41.10:885][569]LogModuleManager: Shutting down and abandoning module SceneDepthPickerMode (764)
[2026.09.01-04.41.10:885][569]LogModuleManager: Shutting down and abandoning module ActorPickerMode (762)
[2026.09.01-04.41.10:885][569]LogModuleManager: Shutting down and abandoning module PlacementMode (760)
[2026.09.01-04.41.10:885][569]LogModuleManager: Shutting down and abandoning module ViewportSnapping (758)
[2026.09.01-04.41.10:885][569]LogModuleManager: Shutting down and abandoning module ViewportInteraction (756)
[2026.09.01-04.41.10:885][569]LogModuleManager: Shutting down and abandoning module ClothPainter (754)
[2026.09.01-04.41.10:886][569]LogModuleManager: Shutting down and abandoning module SkeletalMeshEditor (753)
[2026.09.01-04.41.10:887][569]LogModuleManager: Shutting down and abandoning module LogVisualizer (750)
[2026.09.01-04.41.10:888][569]LogModuleManager: Shutting down and abandoning module IntroTutorials (748)
[2026.09.01-04.41.10:888][569]LogModuleManager: Shutting down and abandoning module GameProjectGeneration (747)
[2026.09.01-04.41.10:889][569]LogModuleManager: Shutting down and abandoning module LuminPlatformEditor (744)
[2026.09.01-04.41.10:889][569]LogModuleManager: Shutting down and abandoning module IOSPlatformEditor (742)
[2026.09.01-04.41.10:889][569]LogModuleManager: Shutting down and abandoning module AndroidPlatformEditor (740)
[2026.09.01-04.41.10:889][569]LogModuleManager: Shutting down and abandoning module AndroidDeviceDetection (739)
[2026.09.01-04.41.11:588][569]LogModuleManager: Shutting down and abandoning module WindowsPlatformEditor (736)
[2026.09.01-04.41.11:588][569]LogModuleManager: Shutting down and abandoning module LuminRuntimeSettings (734)
[2026.09.01-04.41.11:588][569]LogModuleManager: Shutting down and abandoning module IOSRuntimeSettings (732)
[2026.09.01-04.41.11:588][569]LogModuleManager: Shutting down and abandoning module AndroidRuntimeSettings (730)
[2026.09.01-04.41.11:588][569]LogModuleManager: Shutting down and abandoning module TraceInsights (728)
[2026.09.01-04.41.11:591][569]MemoryProfiler: Shutdown
[2026.09.01-04.41.11:591][569]NetworkingProfiler: Shutdown
[2026.09.01-04.41.11:591][569]LoadingProfiler: Shutdown
[2026.09.01-04.41.11:592][569]TimingProfiler: Shutdown
[2026.09.01-04.41.11:593][569]LogModuleManager: Shutting down and abandoning module TraceServices (727)
[2026.09.01-04.41.11:594][569]LogModuleManager: Shutting down and abandoning module EditorInteractiveToolsFramework (724)
[2026.09.01-04.41.11:594][569]LogModuleManager: Shutting down and abandoning module TimeManagementEditor (722)
[2026.09.01-04.41.11:594][569]LogModuleManager: Shutting down and abandoning module InputBindingEditor (720)
[2026.09.01-04.41.11:595][569]LogModuleManager: Shutting down and abandoning module MergeActors (718)
[2026.09.01-04.41.11:595][569]LogModuleManager: Shutting down and abandoning module LocalizationDashboard (716)
[2026.09.01-04.41.11:596][569]LogModuleManager: Shutting down and abandoning module LocalizationService (715)
[2026.09.01-04.41.11:596][569]LogModuleManager: Shutting down and abandoning module HardwareTargeting (712)
[2026.09.01-04.41.11:596][569]LogModuleManager: Shutting down and abandoning module DeviceProfileEditor (710)
[2026.09.01-04.41.11:596][569]LogModuleManager: Shutting down and abandoning module UndoHistory (708)
[2026.09.01-04.41.11:596][569]LogModuleManager: Shutting down and abandoning module XmlParser (706)
[2026.09.01-04.41.11:597][569]LogModuleManager: Shutting down and abandoning module Blutility (704)
[2026.09.01-04.41.11:597][569]LogModuleManager: Shutting down and abandoning module ProjectSettingsViewer (702)
[2026.09.01-04.41.11:597][569]LogModuleManager: Shutting down and abandoning module ProjectTargetPlatformEditor (701)
[2026.09.01-04.41.11:597][569]LogModuleManager: Shutting down and abandoning module EditorSettingsViewer (698)
[2026.09.01-04.41.11:597][569]LogModuleManager: Shutting down and abandoning module InternationalizationSettings (697)
[2026.09.01-04.41.11:597][569]LogModuleManager: Shutting down and abandoning module SettingsEditor (694)
[2026.09.01-04.41.11:597][569]LogModuleManager: Shutting down and abandoning module ProjectLauncher (692)
[2026.09.01-04.41.11:597][569]LogModuleManager: Shutting down and abandoning module SessionFrontend (690)
[2026.09.01-04.41.11:597][569]LogModuleManager: Shutting down and abandoning module ProfilerClient (688)
[2026.09.01-04.41.11:597][569]LogModuleManager: Shutting down and abandoning module DeviceManager (686)
[2026.09.01-04.41.11:598][569]LogModuleManager: Shutting down and abandoning module TargetDeviceServices (685)
[2026.09.01-04.41.11:629][569]LogModuleManager: Shutting down and abandoning module AutomationController (682)
[2026.09.01-04.41.11:629][569]LogModuleManager: Shutting down and abandoning module AutomationWindow (680)
[2026.09.01-04.41.11:630][569]LogModuleManager: Shutting down and abandoning module Layers (678)
[2026.09.01-04.41.11:631][569]LogModuleManager: Shutting down and abandoning module ComponentVisualizers (676)
[2026.09.01-04.41.11:631][569]LogModuleManager: Shutting down and abandoning module DetailCustomizations (674)
[2026.09.01-04.41.11:631][569]LogModuleManager: Shutting down and abandoning module PackagesDialog (672)
[2026.09.01-04.41.11:631][569]LogModuleManager: Shutting down and abandoning module AnimationBlueprintEditor (670)
[2026.09.01-04.41.11:632][569]LogModuleManager: Shutting down and abandoning module Persona (668)
[2026.09.01-04.41.11:634][569]LogModuleManager: Shutting down and abandoning module AdvancedPreviewScene (667)
[2026.09.01-04.41.11:634][569]LogModuleManager: Shutting down and abandoning module AnimGraph (665)
[2026.09.01-04.41.11:634][569]LogModuleManager: Shutting down and abandoning module Kismet (662)
[2026.09.01-04.41.11:635][569]LogModuleManager: Shutting down and abandoning module KismetWidgets (661)
[2026.09.01-04.41.11:635][569]LogModuleManager: Shutting down and abandoning module GraphEditor (658)
[2026.09.01-04.41.11:635][569]LogModuleManager: Shutting down and abandoning module StructViewer (656)
[2026.09.01-04.41.11:635][569]LogModuleManager: Shutting down and abandoning module ClassViewer (654)
[2026.09.01-04.41.11:635][569]LogModuleManager: Shutting down and abandoning module Toolbox (652)
[2026.09.01-04.41.11:635][569]LogModuleManager: Shutting down and abandoning module ModuleUI (650)
[2026.09.01-04.41.11:635][569]LogModuleManager: Shutting down and abandoning module OutputLog (648)
[2026.09.01-04.41.11:636][569]LogModuleManager: Shutting down and abandoning module GammaUI (646)
[2026.09.01-04.41.11:636][569]LogModuleManager: Shutting down and abandoning module Documentation (644)
[2026.09.01-04.41.11:636][569]LogModuleManager: Shutting down and abandoning module LiveCoding (642)
[2026.09.01-04.41.11:637][569]LogModuleManager: Shutting down and abandoning module LevelSequence (640)
[2026.09.01-04.41.11:637][569]LogModuleManager: Shutting down and abandoning module MovieSceneTracks (638)
[2026.09.01-04.41.11:637][569]LogModuleManager: Shutting down and abandoning module MovieScene (636)
[2026.09.01-04.41.11:638][569]LogModuleManager: Shutting down and abandoning module StreamingPauseRendering (634)
[2026.09.01-04.41.11:638][569]LogModuleManager: Shutting down and abandoning module LauncherPlatform (632)
[2026.09.01-04.41.11:638][569]LogModuleManager: Shutting down and abandoning module AnalyticsET (630)
[2026.09.01-04.41.11:638][569]LogModuleManager: Shutting down and abandoning module PortalServices (628)
[2026.09.01-04.41.11:638][569]LogModuleManager: Shutting down and abandoning module PortalRpc (626)
[2026.09.01-04.41.11:638][569]LogModuleManager: Shutting down and abandoning module MessagingRpc (624)
[2026.09.01-04.41.11:638][569]LogModuleManager: Shutting down and abandoning module AudioMixerXAudio2 (622)
[2026.09.01-04.41.11:638][569]LogModuleManager: Shutting down and abandoning module AudioMixerCore (621)
[2026.09.01-04.41.11:638][569]LogModuleManager: Shutting down and abandoning module AIModule (618)
[2026.09.01-04.41.11:639][569]LogModuleManager: Shutting down and abandoning module GameplayDebugger (617)
[2026.09.01-04.41.11:639][569]LogModuleManager: Shutting down and abandoning module AITestSuite (615)
[2026.09.01-04.41.11:639][569]LogModuleManager: Shutting down and abandoning module NavigationSystem (613)
[2026.09.01-04.41.11:639][569]LogModuleManager: Shutting down and abandoning module ImageWriteQueue (610)
[2026.09.01-04.41.11:644][569]LogModuleManager: Shutting down and abandoning module ProfilerService (608)
[2026.09.01-04.41.11:706][569]LogModuleManager: Shutting down and abandoning module TaskGraph (606)
[2026.09.01-04.41.11:707][569]LogModuleManager: Shutting down and abandoning module AudioSynesthesiaEditor (604)
[2026.09.01-04.41.11:707][569]LogModuleManager: Shutting down and abandoning module OculusEditor (602)
[2026.09.01-04.41.11:709][569]LogModuleManager: Shutting down and abandoning module OculusInput (600)
[2026.09.01-04.41.11:709][569]LogModuleManager: Shutting down and abandoning module ContentBrowserFileDataSource (598)
[2026.09.01-04.41.11:709][569]LogModuleManager: Shutting down and abandoning module ContentBrowserAssetDataSource (596)
[2026.09.01-04.41.11:709][569]LogModuleManager: Shutting down and abandoning module ContentBrowserClassDataSource (594)
[2026.09.01-04.41.11:709][569]LogModuleManager: Shutting down and abandoning module CollectionManager (593)
[2026.09.01-04.41.11:710][569]LogModuleManager: Shutting down and abandoning module SynthesisEditor (590)
[2026.09.01-04.41.11:710][569]LogModuleManager: Shutting down and abandoning module Synthesis (588)
[2026.09.01-04.41.11:711][569]LogModuleManager: Shutting down and abandoning module ProceduralMeshComponentEditor (586)
[2026.09.01-04.41.11:711][569]LogModuleManager: Shutting down and abandoning module ProceduralMeshComponent (584)
[2026.09.01-04.41.11:711][569]LogModuleManager: Shutting down and abandoning module OpenXREditor (582)
[2026.09.01-04.41.11:711][569]LogModuleManager: Shutting down and abandoning module MobilePatchingUtils (580)
[2026.09.01-04.41.11:711][569]LogModuleManager: Shutting down and abandoning module GooglePAD (578)
[2026.09.01-04.41.11:711][569]LogModuleManager: Shutting down and abandoning module EditableMesh (576)
[2026.09.01-04.41.11:711][569]LogModuleManager: Shutting down and abandoning module CustomMeshComponent (574)
[2026.09.01-04.41.11:711][569]LogModuleManager: Shutting down and abandoning module CableComponent (572)
[2026.09.01-04.41.11:711][569]LogModuleManager: Shutting down and abandoning module ArchVisCharacter (570)
[2026.09.01-04.41.11:711][569]LogModuleManager: Shutting down and abandoning module AssetTags (568)
[2026.09.01-04.41.11:711][569]LogModuleManager: Shutting down and abandoning module AudioCapture (566)
[2026.09.01-04.41.11:711][569]LogModuleManager: Shutting down and abandoning module AudioCaptureRtAudio (565)
[2026.09.01-04.41.11:712][569]LogModuleManager: Shutting down and abandoning module AppleImageUtilsBlueprintSupport (562)
[2026.09.01-04.41.11:712][569]LogModuleManager: Shutting down and abandoning module AppleImageUtils (560)
[2026.09.01-04.41.11:712][569]LogModuleManager: Shutting down and abandoning module AndroidPermission (558)
[2026.09.01-04.41.11:712][569]LogModuleManager: Shutting down and abandoning module ActorLayerUtilitiesEditor (556)
[2026.09.01-04.41.11:712][569]LogModuleManager: Shutting down and abandoning module ActorLayerUtilities (554)
[2026.09.01-04.41.11:712][569]LogModuleManager: Shutting down and abandoning module OpenImageDenoise (552)
[2026.09.01-04.41.11:712][569]LogOpenImageDenoise: OIDN shutting down
[2026.09.01-04.41.11:712][569]LogModuleManager: Shutting down and abandoning module MotoSynthEditor (550)
[2026.09.01-04.41.11:712][569]LogModuleManager: Shutting down and abandoning module MotoSynth (548)
[2026.09.01-04.41.11:712][569]LogModuleManager: Shutting down and abandoning module MeshConversion (546)
[2026.09.01-04.41.11:712][569]LogModuleManager: Shutting down and abandoning module DynamicMesh (544)
[2026.09.01-04.41.11:712][569]LogModuleManager: Shutting down and abandoning module GeometryAlgorithms (542)
[2026.09.01-04.41.11:712][569]LogModuleManager: Shutting down and abandoning module GeometricObjects (540)
[2026.09.01-04.41.11:712][569]LogModuleManager: Shutting down and abandoning module TakeSequencer (538)
[2026.09.01-04.41.11:712][569]LogModuleManager: Shutting down and abandoning module TakeMovieScene (536)
[2026.09.01-04.41.11:712][569]LogModuleManager: Shutting down and abandoning module GeometryCollectionTracks (534)
[2026.09.01-04.41.11:712][569]LogModuleManager: Shutting down and abandoning module GeometryCollectionSequencer (533)
[2026.09.01-04.41.11:712][569]LogModuleManager: Shutting down and abandoning module GeometryCollectionEditor (530)
[2026.09.01-04.41.11:712][569]LogModuleManager: Shutting down and abandoning module GeometryCacheTracks (528)
[2026.09.01-04.41.11:712][569]LogModuleManager: Shutting down and abandoning module GeometryCacheStreamer (526)
[2026.09.01-04.41.11:713][569]LogModuleManager: Shutting down and abandoning module GeometryCacheSequencer (524)
[2026.09.01-04.41.11:713][569]LogModuleManager: Shutting down and abandoning module BackChannel (522)
[2026.09.01-04.41.11:713][569]LogModuleManager: Shutting down and abandoning module ChaosNiagara (520)
[2026.09.01-04.41.11:713][569]LogModuleManager: Shutting down and abandoning module FractureEditor (518)
[2026.09.01-04.41.11:713][569]LogModuleManager: Shutting down and abandoning module ChaosSolverEditor (516)
[2026.09.01-04.41.11:714][569]LogModuleManager: Shutting down and abandoning module FieldSystemEngine (515)
[2026.09.01-04.41.11:714][569]LogModuleManager: Shutting down and abandoning module ChaosClothEditor (512)
[2026.09.01-04.41.11:714][569]LogModuleManager: Shutting down and abandoning module AlembicImporter (510)
[2026.09.01-04.41.11:714][569]LogModuleManager: Shutting down and abandoning module AlembicLibrary (509)
[2026.09.01-04.41.11:714][569]LogModuleManager: Shutting down and abandoning module GeometryCache (508)
[2026.09.01-04.41.11:714][569]LogModuleManager: Shutting down and abandoning module GeometryCacheEd (507)
[2026.09.01-04.41.11:714][569]LogModuleManager: Shutting down and abandoning module AutomationUtilsEditor (502)
[2026.09.01-04.41.11:714][569]LogModuleManager: Shutting down and abandoning module AutomationUtils (500)
[2026.09.01-04.41.11:714][569]LogModuleManager: Shutting down and abandoning module ScreenshotTools (498)
[2026.09.01-04.41.11:714][569]LogModuleManager: Shutting down and abandoning module ImgMedia (496)
[2026.09.01-04.41.11:714][569]LogModuleManager: Shutting down and abandoning module MediaCompositing (494)
[2026.09.01-04.41.11:714][569]LogModuleManager: Shutting down and abandoning module VisualStudioSourceCodeAccess (492)
[2026.09.01-04.41.11:714][569]LogModuleManager: Shutting down and abandoning module SpeedTreeImporter (490)
[2026.09.01-04.41.11:714][569]LogModuleManager: Shutting down and abandoning module PluginBrowser (488)
[2026.09.01-04.41.11:716][569]LogModuleManager: Shutting down and abandoning module VisualStudioCodeSourceCodeAccess (486)
[2026.09.01-04.41.11:716][569]LogModuleManager: Shutting down and abandoning module MaterialAnalyzer (484)
[2026.09.01-04.41.11:717][569]LogModuleManager: Shutting down and abandoning module MobileLauncherProfileWizard (482)
[2026.09.01-04.41.11:717][569]LogModuleManager: Shutting down and abandoning module CryptoKeysOpenSSL (480)
[2026.09.01-04.41.11:717][569]LogModuleManager: Shutting down and abandoning module CryptoKeys (478)
[2026.09.01-04.41.11:717][569]LogModuleManager: Shutting down and abandoning module UObjectPlugin (476)
[2026.09.01-04.41.11:717][569]LogModuleManager: Shutting down and abandoning module CurveEditorTools (474)
[2026.09.01-04.41.11:718][569]LogModuleManager: Shutting down and abandoning module SubversionSourceControl (472)
[2026.09.01-04.41.11:719][569]LogModuleManager: Shutting down and abandoning module RiderSourceCodeAccess (470)
[2026.09.01-04.41.11:719][569]LogModuleManager: Shutting down and abandoning module PluginUtils (468)
[2026.09.01-04.41.11:719][569]LogModuleManager: Shutting down and abandoning module PlasticSourceControl (466)
[2026.09.01-04.41.11:720][569]LogModuleManager: Shutting down and abandoning module PerforceSourceControl (464)
[2026.09.01-04.41.11:721][569]LogModuleManager: Shutting down and abandoning module GitSourceControl (462)
[2026.09.01-04.41.11:722][569]LogModuleManager: Shutting down and abandoning module SourceControl (461)
[2026.09.01-04.41.11:722][569]LogModuleManager: Shutting down and abandoning module CLionSourceCodeAccess (458)
[2026.09.01-04.41.11:722][569]LogModuleManager: Shutting down and abandoning module TemplateSequence (456)
[2026.09.01-04.41.11:722][569]LogModuleManager: Shutting down and abandoning module AnimationSharingEd (454)
[2026.09.01-04.41.11:722][569]LogModuleManager: Shutting down and abandoning module MagicLeapSharedWorld (452)
[2026.09.01-04.41.11:722][569]LogModuleManager: Shutting down and abandoning module MagicLeapLightEstimation (450)
[2026.09.01-04.41.11:722][569]LogModuleManager: Shutting down and abandoning module MagicLeapHelperVulkan (448)
[2026.09.01-04.41.11:722][569]LogModuleManager: Shutting down and abandoning module MagicLeapHelperOpenGL (446)
[2026.09.01-04.41.11:722][569]LogModuleManager: Shutting down and abandoning module MagicLeapAudio (444)
[2026.09.01-04.41.11:723][569]LogModuleManager: Shutting down and abandoning module VariantManagerContentEditor (442)
[2026.09.01-04.41.11:723][569]LogModuleManager: Shutting down and abandoning module DatasmithContentEditor (440)
[2026.09.01-04.41.11:723][569]LogModuleManager: Shutting down and abandoning module NiagaraEditorWidgets (438)
[2026.09.01-04.41.11:725][569]LogModuleManager: Shutting down and abandoning module LiveLinkSequencer (436)
[2026.09.01-04.41.11:725][569]LogModuleManager: Shutting down and abandoning module LiveLinkMovieScene (434)
[2026.09.01-04.41.11:725][569]LogModuleManager: Shutting down and abandoning module LiveLinkGraphNode (432)
[2026.09.01-04.41.11:725][569]LogModuleManager: Shutting down and abandoning module LiveLinkEditor (430)
[2026.09.01-04.41.11:725][569]LogModuleManager: Shutting down and abandoning module LiveLinkComponents (428)
[2026.09.01-04.41.11:725][569]LogModuleManager: Shutting down and abandoning module LiveLink (426)
[2026.09.01-04.41.12:525][569]LogModuleManager: Shutting down and abandoning module OodleNetworkHandlerComponent (424)
[2026.09.01-04.41.12:525][569]LogModuleManager: Shutting down and abandoning module LightPropagationVolumeEditor (422)
[2026.09.01-04.41.12:525][569]LogModuleManager: Shutting down and abandoning module PaperTiledImporter (420)
[2026.09.01-04.41.12:525][569]LogModuleManager: Shutting down and abandoning module PaperSpriteSheetImporter (418)
[2026.09.01-04.41.12:525][569]LogModuleManager: Shutting down and abandoning module Paper2DEditor (416)
[2026.09.01-04.41.12:526][569]LogModuleManager: Shutting down and abandoning module MeshPaintingToolset (414)
[2026.09.01-04.41.12:526][569]LogModuleManager: Shutting down and abandoning module MeshPaintEditorMode (412)
[2026.09.01-04.41.12:527][569]LogModuleManager: Shutting down and abandoning module SoundFields (410)
[2026.09.01-04.41.12:527][569]LogModuleManager: Shutting down and abandoning module SignificanceManager (408)
[2026.09.01-04.41.12:527][569]LogModuleManager: Shutting down and abandoning module RuntimePhysXCooking (406)
[2026.09.01-04.41.12:527][569]LogModuleManager: Shutting down and abandoning module PhysXVehiclesEditor (404)
[2026.09.01-04.41.12:527][569]LogModuleManager: Shutting down and abandoning module PropertyAccessEditor (400)
[2026.09.01-04.41.12:527][569]LogModuleManager: Shutting down and abandoning module LocationServicesBPLibrary (398)
[2026.09.01-04.41.12:527][569]LogModuleManager: Shutting down and abandoning module AudioSynesthesia (396)
[2026.09.01-04.41.12:527][569]LogModuleManager: Shutting down and abandoning module AudioSynesthesiaCore (394)
[2026.09.01-04.41.12:527][569]LogModuleManager: Shutting down and abandoning module PythonScriptPlugin (392)
[2026.09.01-04.41.12:527][569]LogModuleManager: Shutting down and abandoning module ImgMediaEngine (390)
[2026.09.01-04.41.12:527][569]LogModuleManager: Shutting down and abandoning module GameplayTagsEditor (388)
[2026.09.01-04.41.12:528][569]LogModuleManager: Shutting down and abandoning module FacialAnimationEditor (386)
[2026.09.01-04.41.12:528][569]LogModuleManager: Shutting down and abandoning module FacialAnimation (384)
[2026.09.01-04.41.12:528][569]LogModuleManager: Shutting down and abandoning module DataValidation (382)
[2026.09.01-04.41.12:528][569]LogModuleManager: Shutting down and abandoning module PropertyAccessNode (380)
[2026.09.01-04.41.12:528][569]LogModuleManager: Shutting down and abandoning module AssetManagerEditor (378)
[2026.09.01-04.41.12:528][569]LogModuleManager: Shutting down and abandoning module LevelEditor (377)
[2026.09.01-04.41.12:529][569]LogModuleManager: Shutting down and abandoning module PixelInspectorModule (376)
[2026.09.01-04.41.12:529][569]LogModuleManager: Shutting down and abandoning module CommonMenuExtensions (374)
[2026.09.01-04.41.12:529][569]LogModuleManager: Shutting down and abandoning module MainFrame (372)
[2026.09.01-04.41.12:529][569]LogModuleManager: Shutting down and abandoning module HotReload (371)
[2026.09.01-04.41.12:531][569]LogModuleManager: Shutting down and abandoning module ToolMenus (367)
[2026.09.01-04.41.12:531][569]LogModuleManager: Shutting down and abandoning module TreeMap (365)
[2026.09.01-04.41.12:531][569]LogModuleManager: Shutting down and abandoning module UdpMessaging (362)
[2026.09.01-04.41.12:631][569]LogModuleManager: Shutting down and abandoning module TcpMessaging (360)
[2026.09.01-04.41.12:732][569]LogModuleManager: Shutting down and abandoning module AnimationSharing (358)
[2026.09.01-04.41.12:732][569]LogModuleManager: Shutting down and abandoning module ActorSequence (356)
[2026.09.01-04.41.12:732][569]LogModuleManager: Shutting down and abandoning module MagicLeapARPin (354)
[2026.09.01-04.41.12:732][569]LogModuleManager: Shutting down and abandoning module MagicLeapHandMeshing (352)
[2026.09.01-04.41.12:732][569]LogModuleManager: Shutting down and abandoning module MagicLeapSecureStorage (350)
[2026.09.01-04.41.12:732][569]LogModuleManager: Shutting down and abandoning module MagicLeapPrivileges (348)
[2026.09.01-04.41.12:732][569]LogModuleManager: Shutting down and abandoning module MagicLeapPlanes (346)
[2026.09.01-04.41.12:732][569]LogMagicLeapPlanes: Planes tracker already destroyed.
[2026.09.01-04.41.12:732][569]LogModuleManager: Shutting down and abandoning module MagicLeapImageTracker (344)
[2026.09.01-04.41.12:732][569]LogModuleManager: Shutting down and abandoning module MagicLeapIdentity (342)
[2026.09.01-04.41.12:732][569]LogModuleManager: Shutting down and abandoning module MagicLeapHandTracking (340)
[2026.09.01-04.41.12:732][569]LogModuleManager: Shutting down and abandoning module MagicLeapEyeTracker (338)
[2026.09.01-04.41.12:732][569]LogModuleManager: Shutting down and abandoning module MagicLeapController (336)
[2026.09.01-04.41.12:732][569]LogModuleManager: Shutting down and abandoning module MagicLeapARPinImpl (334)
[2026.09.01-04.41.12:732][569]LogModuleManager: Shutting down and abandoning module MagicLeapAR (332)
[2026.09.01-04.41.12:732][569]LogModuleManager: Shutting down and abandoning module NiagaraAnimNotifies (330)
[2026.09.01-04.41.12:732][569]LogModuleManager: Shutting down and abandoning module Niagara (328)
[2026.09.01-04.41.12:733][569]LogModuleManager: Shutting down and abandoning module SignalProcessing (327)
[2026.09.01-04.41.12:733][569]LogModuleManager: Shutting down and abandoning module NiagaraEditor (325)
[2026.09.01-04.41.12:734][569]LogModuleManager: Shutting down and abandoning module ContentBrowser (324)
[2026.09.01-04.41.12:734][569]LogModuleManager: Shutting down and abandoning module ContentBrowserData (323)
[2026.09.01-04.41.12:734][569]LogModuleManager: Shutting down and abandoning module NiagaraCore (318)
[2026.09.01-04.41.12:734][569]LogModuleManager: Shutting down and abandoning module GameplayCameras (316)
[2026.09.01-04.41.12:734][569]LogModuleManager: Shutting down and abandoning module EnvironmentQueryEditor (314)
[2026.09.01-04.41.12:736][569]LogModuleManager: Shutting down and abandoning module LightPropagationVolumeRuntime (312)
[2026.09.01-04.41.12:736][569]LogModuleManager: Shutting down and abandoning module Paper2D (310)
[2026.09.01-04.41.12:736][569]LogModuleManager: Shutting down and abandoning module WindowsMoviePlayer (308)
[2026.09.01-04.41.12:737][569]LogModuleManager: Shutting down and abandoning module WebMMoviePlayer (306)
[2026.09.01-04.41.12:737][569]LogModuleManager: Shutting down and abandoning module NetworkReplayStreaming (304)
[2026.09.01-04.41.12:738][569]LogModuleManager: Shutting down and abandoning module PacketHandler (302)
[2026.09.01-04.41.12:738][569]LogModuleManager: Shutting down and abandoning module ClothingSystemEditor (300)
[2026.09.01-04.41.12:738][569]LogModuleManager: Shutting down and abandoning module ClothingSystemRuntimeNv (298)
[2026.09.01-04.41.12:738][569]LogModuleManager: Shutting down and abandoning module MediaAssets (296)
[2026.09.01-04.41.12:738][569]LogModuleManager: Shutting down and abandoning module Overlay (294)
[2026.09.01-04.41.12:738][569]LogModuleManager: Shutting down and abandoning module OverlayEditor (293)
[2026.09.01-04.41.12:738][569]LogModuleManager: Shutting down and abandoning module VREditor (290)
[2026.09.01-04.41.12:738][569]LogModuleManager: Shutting down and abandoning module StringTableEditor (288)
[2026.09.01-04.41.12:739][569]LogModuleManager: Shutting down and abandoning module GameplayTasksEditor (286)
[2026.09.01-04.41.12:739][569]LogModuleManager: Shutting down and abandoning module BehaviorTreeEditor (284)
[2026.09.01-04.41.12:740][569]LogModuleManager: Shutting down and abandoning module FunctionalTesting (282)
[2026.09.01-04.41.12:740][569]LogModuleManager: Shutting down and abandoning module CollisionAnalyzer (280)
[2026.09.01-04.41.12:740][569]LogModuleManager: Shutting down and abandoning module WorkspaceMenuStructure (279)
[2026.09.01-04.41.12:740][569]LogModuleManager: Shutting down and abandoning module UMG (276)
[2026.09.01-04.41.12:740][569]LogModuleManager: Shutting down and abandoning module UMGEditor (275)
[2026.09.01-04.41.12:741][569]LogModuleManager: Shutting down and abandoning module MessageLog (273)
[2026.09.01-04.41.12:741][569]LogModuleManager: Shutting down and abandoning module SlateReflector (268)
[2026.09.01-04.41.12:744][569]LogModuleManager: Shutting down and abandoning module Slate (266)
[2026.09.01-04.41.12:744][569]LogModuleManager: Shutting down and abandoning module SlateCore (264)
[2026.09.01-04.41.12:744][569]LogModuleManager: Shutting down and abandoning module LandscapeEditorUtilities (262)
[2026.09.01-04.41.12:744][569]LogModuleManager: Shutting down and abandoning module UnrealEd (260)
[2026.09.01-04.41.12:744][569]LogModuleManager: Shutting down and abandoning module MRMesh (258)
[2026.09.01-04.41.12:744][569]LogModuleManager: Shutting down and abandoning module SourceCodeAccess (256)
[2026.09.01-04.41.12:744][569]LogModuleManager: Shutting down and abandoning module HeadMountedDisplay (254)
[2026.09.01-04.41.12:744][569]LogModuleManager: Shutting down and abandoning module XAudio2 (252)
[2026.09.01-04.41.12:744][569]LogModuleManager: Shutting down and abandoning module Networking (250)
[2026.09.01-04.41.12:744][569]LogModuleManager: Shutting down and abandoning module Core (248)
[2026.09.01-04.41.12:744][569]LogModuleManager: Shutting down and abandoning module MaterialEditor (246)
[2026.09.01-04.41.12:744][569]LogModuleManager: Shutting down and abandoning module MovieSceneTools (244)
[2026.09.01-04.41.12:745][569]LogModuleManager: Shutting down and abandoning module CurveEditor (243)
[2026.09.01-04.41.12:746][569]LogModuleManager: Shutting down and abandoning module Sequencer (241)
[2026.09.01-04.41.12:747][569]LogModuleManager: Shutting down and abandoning module EditorStyle (240)
[2026.09.01-04.41.12:748][569]LogModuleManager: Shutting down and abandoning module KismetCompiler (236)
[2026.09.01-04.41.12:748][569]LogModuleManager: Shutting down and abandoning module MeshBuilder (234)
[2026.09.01-04.41.12:748][569]LogModuleManager: Shutting down and abandoning module MeshUtilities (232)
[2026.09.01-04.41.12:749][569]LogModuleManager: Shutting down and abandoning module MeshMergeUtilities (231)
[2026.09.01-04.41.12:749][569]LogModuleManager: Shutting down and abandoning module MeshReductionInterface (230)
[2026.09.01-04.41.12:749][569]LogModuleManager: Shutting down and abandoning module MeshBoneReduction (229)
[2026.09.01-04.41.12:749][569]LogModuleManager: Shutting down and abandoning module SkeletalMeshReduction (227)
[2026.09.01-04.41.12:749][569]LogModuleManager: Shutting down and abandoning module ProxyLODMeshReduction (225)
[2026.09.01-04.41.12:750][569]LogModuleManager: Shutting down and abandoning module QuadricMeshReduction (223)
[2026.09.01-04.41.12:750][569]LogModuleManager: Shutting down and abandoning module MaterialBaking (219)
[2026.09.01-04.41.12:750][569]LogModuleManager: Shutting down and abandoning module NullInstallBundleManager (214)
[2026.09.01-04.41.12:750][569]LogModuleManager: Shutting down and abandoning module DerivedDataCache (212)
[2026.09.01-04.41.12:750][569]LogModuleManager: Shutting down and abandoning module TargetPlatform (210)
[2026.09.01-04.41.12:751][569]LogModuleManager: Shutting down and abandoning module VulkanShaderFormat (209)
[2026.09.01-04.41.12:751][569]LogModuleManager: Shutting down and abandoning module ShaderFormatVectorVM (207)
[2026.09.01-04.41.12:751][569]LogModuleManager: Shutting down and abandoning module ShaderFormatOpenGL (205)
[2026.09.01-04.41.12:751][569]LogModuleManager: Shutting down and abandoning module ShaderFormatD3D (203)
[2026.09.01-04.41.12:751][569]LogModuleManager: Shutting down and abandoning module MetalShaderFormat (201)
[2026.09.01-04.41.12:753][569]LogModuleManager: Shutting down and abandoning module TextureFormatOodle (199)
[2026.09.01-04.41.12:753][569]LogModuleManager: Shutting down and abandoning module TextureFormatUncompressed (197)
[2026.09.01-04.41.12:753][569]LogModuleManager: Shutting down and abandoning module TextureFormatPVR (195)
[2026.09.01-04.41.12:753][569]LogModuleManager: Shutting down and abandoning module TextureFormatETC2 (193)
[2026.09.01-04.41.12:753][569]LogModuleManager: Shutting down and abandoning module TextureFormatDXT (191)
[2026.09.01-04.41.12:753][569]LogModuleManager: Shutting down and abandoning module TextureFormatIntelISPCTexComp (189)
[2026.09.01-04.41.12:754][569]LogModuleManager: Shutting down and abandoning module TextureFormatASTC (187)
[2026.09.01-04.41.12:754][569]LogModuleManager: Shutting down and abandoning module ImageWrapper (186)
[2026.09.01-04.41.12:754][569]LogModuleManager: Shutting down and abandoning module AudioFormatOpus (183)
[2026.09.01-04.41.12:754][569]LogModuleManager: Shutting down and abandoning module AudioFormatOgg (181)
[2026.09.01-04.41.12:754][569]LogModuleManager: Shutting down and abandoning module AudioFormatADPCM (179)
[2026.09.01-04.41.12:754][569]LogModuleManager: Shutting down and abandoning module WindowsServerTargetPlatform (177)
[2026.09.01-04.41.12:754][569]LogModuleManager: Shutting down and abandoning module WindowsClientTargetPlatform (175)
[2026.09.01-04.41.12:754][569]LogModuleManager: Shutting down and abandoning module WindowsTargetPlatform (173)
[2026.09.01-04.41.12:754][569]LogModuleManager: Shutting down and abandoning module WindowsNoEditorTargetPlatform (171)
[2026.09.01-04.41.12:754][569]LogModuleManager: Shutting down and abandoning module TVOSTargetPlatform (169)
[2026.09.01-04.41.12:754][569]LogModuleManager: Shutting down and abandoning module MacServerTargetPlatform (167)
[2026.09.01-04.41.12:754][569]LogModuleManager: Shutting down and abandoning module MacClientTargetPlatform (165)
[2026.09.01-04.41.12:754][569]LogModuleManager: Shutting down and abandoning module MacTargetPlatform (163)
[2026.09.01-04.41.12:754][569]LogModuleManager: Shutting down and abandoning module MacNoEditorTargetPlatform (161)
[2026.09.01-04.41.12:754][569]LogModuleManager: Shutting down and abandoning module LuminTargetPlatform (159)
[2026.09.01-04.41.12:755][569]LogModuleManager: Shutting down and abandoning module LinuxAArch64ServerTargetPlatform (157)
[2026.09.01-04.41.12:755][569]LogModuleManager: Shutting down and abandoning module LinuxAArch64ClientTargetPlatform (155)
[2026.09.01-04.41.12:755][569]LogModuleManager: Shutting down and abandoning module LinuxAArch64NoEditorTargetPlatform (153)
[2026.09.01-04.41.12:755][569]LogModuleManager: Shutting down and abandoning module LinuxServerTargetPlatform (151)
[2026.09.01-04.41.12:755][569]LogModuleManager: Shutting down and abandoning module LinuxClientTargetPlatform (149)
[2026.09.01-04.41.12:755][569]LogModuleManager: Shutting down and abandoning module LinuxNoEditorTargetPlatform (147)
[2026.09.01-04.41.12:755][569]LogModuleManager: Shutting down and abandoning module LinuxTargetPlatform (145)
[2026.09.01-04.41.12:755][569]LogModuleManager: Shutting down and abandoning module Messaging (143)
[2026.09.01-04.41.12:755][569]LogModuleManager: Shutting down and abandoning module IOSTargetPlatform (141)
[2026.09.01-04.41.12:755][569]LogModuleManager: Shutting down and abandoning module AndroidTargetPlatform (139)
[2026.09.01-04.41.12:758][569]LogModuleManager: Shutting down and abandoning module AllDesktopTargetPlatform (137)
[2026.09.01-04.41.12:758][569]LogModuleManager: Shutting down and abandoning module D3D11RHI (134)
[2026.09.01-04.41.12:758][569]LogModuleManager: Shutting down and abandoning module InputCore (132)
[2026.09.01-04.41.12:758][569]LogModuleManager: Shutting down and abandoning module Settings (130)
[2026.09.01-04.41.12:758][569]LogModuleManager: Shutting down and abandoning module DirectoryWatcher (128)
[2026.09.01-04.41.12:758][569]LogModuleManager: Shutting down and abandoning module PhysXCooking (126)
[2026.09.01-04.41.12:758][569]LogModuleManager: Shutting down and abandoning module Chaos (124)
[2026.09.01-04.41.12:758][569]LogModuleManager: Shutting down and abandoning module WindowsPlatformFeatures (122)
[2026.09.01-04.41.12:759][569]LogModuleManager: Shutting down and abandoning module GameplayMediaEncoder (121)
[2026.09.01-04.41.12:759][569]LogModuleManager: Shutting down and abandoning module AVEncoder (120)
[2026.09.01-04.41.12:759][569]LogModuleManager: Shutting down and abandoning module SteamVRInputDevice (116)
[2026.09.01-04.41.12:759][569]LogModuleManager: Shutting down and abandoning module SteamVRInput (114)
[2026.09.01-04.41.12:759][569]LogModuleManager: Shutting down and abandoning module SteamVR (112)
[2026.09.01-04.41.12:759][569]LogHMD: Freeing OpenVRDLLHandle.
[2026.09.01-04.41.12:759][569]LogModuleManager: Shutting down and abandoning module OculusHMD (110)
[2026.09.01-04.41.12:759][569]LogModuleManager: Shutting down and abandoning module OpenXRHandTracking (108)
[2026.09.01-04.41.12:759][569]LogSlate: Slate User Destroyed.  User Index 0, Is Virtual User: 0
[2026.09.01-04.41.12:759][569]LogModuleManager: Shutting down and abandoning module OpenXREyeTracker (106)
[2026.09.01-04.41.12:759][569]LogModuleManager: Shutting down and abandoning module OpenXRAR (104)
[2026.09.01-04.41.12:759][569]LogModuleManager: Shutting down and abandoning module AugmentedReality (103)
[2026.09.01-04.41.12:759][569]LogModuleManager: Shutting down and abandoning module OpenXRHMD (100)
[2026.09.01-04.41.12:760][569]LogModuleManager: Shutting down and abandoning module ExampleDeviceProfileSelector (98)
[2026.09.01-04.41.12:760][569]LogModuleManager: Shutting down and abandoning module ChunkDownloader (96)
[2026.09.01-04.41.12:760][569]LogModuleManager: Shutting down and abandoning module ChaosCloth (94)
[2026.09.01-04.41.12:760][569]LogModuleManager: Shutting down and abandoning module OnlineBlueprintSupport (92)
[2026.09.01-04.41.12:760][569]LogModuleManager: Shutting down and abandoning module OnlineSubsystem (88)
[2026.09.01-04.41.12:762][569]LogModuleManager: Shutting down and abandoning module XMPP (83)
[2026.09.01-04.41.12:762][569]LogModuleManager: Shutting down and abandoning module WebSockets (82)
[2026.09.01-04.41.12:767][569]LogModuleManager: Shutting down and abandoning module HTTP (79)
[2026.09.01-04.41.12:767][569]LogHttp: Display: Http module shutting down, but needs to wait on 1 outstanding Http requests:
[2026.09.01-04.41.12:767][569]LogHttp: Display: 	verb=[POST] url=[https://datarouter.ol.epicgames.com/datarouter/api/v1/public/data?SessionID=%7B477E8C3B-4DDF-50E9-C5EB-DAB29E79C4B6%7D&AppID=UEEditor.Rocket.Release&AppVersion=4.27.2-18319896%2B%2B%2BUE4%2BRelease-4.27&UserID=b48ce9a847beb4c50ec10ebd401bfd68%7Cbe706e131af24d57bf88c64d13f3bfac%7C8141eeee-727c-4270-9224-6a56cae4c97f&AppEnvironment=datacollector-binary&UploadType=eteventstream] refs=[1] status=Processing
[2026.09.01-04.41.12:767][569]LogHttp: Display: cleaning up 1 outstanding Http requests.
[2026.09.01-04.41.12:786][569]LogModuleManager: Shutting down and abandoning module SSL (78)
[2026.09.01-04.41.12:786][569]LogModuleManager: Shutting down and abandoning module WmfMedia (74)
[2026.09.01-04.41.12:787][569]LogModuleManager: Shutting down and abandoning module Media (73)
[2026.09.01-04.41.12:788][569]LogModuleManager: Shutting down and abandoning module MediaInfo (72)
[2026.09.01-04.41.12:788][569]LogModuleManager: Shutting down and abandoning module ExrReaderGpu (68)
[2026.09.01-04.41.12:788][569]LogModuleManager: Shutting down and abandoning module LauncherChunkInstaller (66)
[2026.09.01-04.41.12:788][569]LogModuleManager: Shutting down and abandoning module PixWinPlugin (64)
[2026.09.01-04.41.12:788][569]LogModuleManager: Shutting down and abandoning module MLSDK (62)
[2026.09.01-04.41.12:788][569]LogModuleManager: Shutting down and abandoning module MagicLeap (60)
[2026.09.01-04.41.12:788][569]LogModuleManager: Shutting down and abandoning module VariantManagerContent (58)
[2026.09.01-04.41.12:788][569]LogModuleManager: Shutting down and abandoning module DatasmithContent (56)
[2026.09.01-04.41.12:789][569]LogModuleManager: Shutting down and abandoning module NiagaraVertexFactories (54)
[2026.09.01-04.41.12:789][569]LogModuleManager: Shutting down and abandoning module NiagaraShader (52)
[2026.09.01-04.41.12:789][569]LogModuleManager: Shutting down and abandoning module AISupportModule (50)
[2026.09.01-04.41.12:789][569]LogModuleManager: Shutting down and abandoning module DesktopPlatform (48)
[2026.09.01-04.41.12:789][569]LogModuleManager: Shutting down and abandoning module PythonScriptPluginPreload (46)
[2026.09.01-04.41.12:790][569]LogModuleManager: Shutting down and abandoning module PlatformCryptoOpenSSL (44)
[2026.09.01-04.41.12:790][569]LogModuleManager: Shutting down and abandoning module PlatformCryptoTypes (42)
[2026.09.01-04.41.12:790][569]LogModuleManager: Shutting down and abandoning module PlatformCrypto (40)
[2026.09.01-04.41.12:790][569]LogModuleManager: Shutting down and abandoning module OodleDataCompressionFormat (38)
[2026.09.01-04.41.12:790][569]LogModuleManager: Shutting down and abandoning module XGEController (36)
[2026.09.01-04.41.12:790][569]LogXGEController: Cleaning working directory: C:/Users/shizu/AppData/Local/Temp/UnrealXGEWorkingDir/
[2026.09.01-04.41.12:790][569]LogModuleManager: Shutting down and abandoning module AnimationModifiers (34)
[2026.09.01-04.41.12:790][569]LogModuleManager: Shutting down and abandoning module AudioEditor (32)
[2026.09.01-04.41.12:791][569]LogModuleManager: Shutting down and abandoning module PropertyEditor (31)
[2026.09.01-04.41.12:792][569]LogModuleManager: Shutting down and abandoning module TextureCompressor (28)
[2026.09.01-04.41.12:792][569]LogModuleManager: Shutting down and abandoning module RenderCore (26)
[2026.09.01-04.41.12:792][569]LogModuleManager: Shutting down and abandoning module Landscape (24)
[2026.09.01-04.41.12:792][569]LogModuleManager: Shutting down and abandoning module SlateRHIRenderer (22)
[2026.09.01-04.41.12:793][569]LogModuleManager: Shutting down and abandoning module AnimGraphRuntime (20)
[2026.09.01-04.41.12:794][569]LogModuleManager: Shutting down and abandoning module Renderer (18)
[2026.09.01-04.41.12:794][569]LogModuleManager: Shutting down and abandoning module Engine (16)
[2026.09.01-04.41.12:794][569]LogModuleManager: Shutting down and abandoning module CoreUObject (14)
[2026.09.01-04.41.12:794][569]LogModuleManager: Shutting down and abandoning module NetworkFile (12)
[2026.09.01-04.41.12:794][569]LogModuleManager: Shutting down and abandoning module CookedIterativeFile (10)
[2026.09.01-04.41.12:794][569]LogModuleManager: Shutting down and abandoning module StreamingFile (8)
[2026.09.01-04.41.12:794][569]LogModuleManager: Shutting down and abandoning module SandboxFile (6)
[2026.09.01-04.41.12:794][569]LogModuleManager: Shutting down and abandoning module PakFile (4)
[2026.09.01-04.41.12:794][569]LogModuleManager: Shutting down and abandoning module RSA (3)
[2026.09.01-04.41.12:794][569]LogContentStreaming: Display: There are 1 unreleased StreamingManagers
[2026.09.01-04.41.12:813][569]LogD3D11RHI: Shutdown
[2026.09.01-04.41.12:813][569]LogD3D11RHI: CleanupD3DDevice
[2026.09.01-04.41.12:819][569]LogExit: Exiting.
[2026.09.01-04.41.12:826][569]Log file closed, 09/01/26 12:41:12
